event_id,participant_id,company,plan_type,vest_date,shares,price_usd,value_usd,status
V00521,P100360,BP,ESPP,2025-07-31,101,37.7,3807.67,vested
V00395,P100157,Siemens,RSU,2025-07-31,42,60.6,2545.04,vested
V01753,P100243,DHL,ESPP,2025-07-31,74,71.41,5284.19,vested
V00338,P100043,Barclays,RSU,2025-07-31,242,192.47,46577.22,vested
V00075,P100059,SAP,SAYE,2025-08-01,177,38.58,6829.06,vested
V00028,P100307,Siemens,RSU,2025-08-01,139,81.89,11383.14,vested
V01270,P100301,SAP,SAYE,2025-08-02,226,21.64,4890.41,vested
V01313,P100417,Novartis,ESPP,2025-08-03,45,28.72,1292.59,vested
V00707,P100344,Novartis,SAYE,2025-08-03,102,13.23,1349.62,vested
V00868,P100437,Coca-Cola,RSU,2025-08-03,134,69.44,9304.44,vested
V00725,P100161,BP,RSU,2025-08-04,248,206.01,51091.28,vested
V01296,P100370,Novartis,RSU,2025-08-04,80,81.47,6517.36,vested
V00480,P100196,DHL,RSU,2025-08-04,113,82.19,9287.83,vested
V00281,P100195,AstraZeneca,RSU,2025-08-05,109,84.12,9168.98,vested
V01478,P100095,Siemens,RSU,2025-08-06,118,194.11,22904.59,vested
V01804,P100059,SAP,SAYE,2025-08-06,69,24.21,1670.67,vested
V00522,P100079,Novartis,RSU,2025-08-07,103,217.79,22431.94,vested
V01878,P100193,Unilever,RSU,2025-08-07,229,187.02,42827.86,vested
V01182,P100245,Unilever,SAYE,2025-08-11,195,13.47,2625.86,vested
V01215,P100301,SAP,RSU,2025-08-12,8,95.36,762.91,vested
V01584,P100128,SAP,RSU,2025-08-13,162,105.45,17083.0,vested
V01054,P100307,Siemens,RSU,2025-08-13,238,143.78,34219.72,vested
V00250,P100040,Coca-Cola,RSU,2025-08-15,22,97.59,2147.01,vested
V00169,P100045,Unilever,RSU,2025-08-15,231,105.87,24456.14,vested
V01867,P100389,Unilever,RSU,2025-08-16,75,153.28,11496.17,vested
V01883,P100472,SAP,RSU,2025-08-16,134,114.25,15308.84,vested
V00217,P100393,Siemens,RSU,2025-08-17,166,93.32,15491.92,vested
V01884,P100016,DHL,RSU,2025-08-17,12,160.52,1926.2,vested
V00340,P100360,BP,RSU,2025-08-18,96,150.12,14411.61,vested
V00791,P100183,Barclays,RSU,2025-08-18,189,70.3,13285.91,vested
V01388,P100056,Coca-Cola,RSU,2025-08-18,6,206.95,1241.69,vested
V01198,P100169,Vodafone,RSU,2025-08-18,190,166.89,31708.9,vested
V01521,P100050,AstraZeneca,RSU,2025-08-18,79,102.95,8132.84,vested
V00548,P100329,AstraZeneca,RSU,2025-08-20,119,89.43,10642.11,vested
V00489,P100229,SAP,RSU,2025-08-20,207,191.5,39640.35,vested
V00408,P100222,Siemens,RSU,2025-08-20,109,79.86,8705.18,vested
V00715,P100013,Unilever,RSU,2025-08-20,104,80.53,8374.77,vested
V01565,P100342,Unilever,RSU,2025-08-20,183,89.49,16375.93,vested
V00302,P100303,Coca-Cola,SAYE,2025-08-20,134,19.18,2569.57,vested
V00023,P100153,DHL,ESPP,2025-08-22,158,58.9,9305.92,vested
V01616,P100448,SAP,RSU,2025-08-23,141,107.37,15139.74,vested
V00638,P100001,Coca-Cola,RSU,2025-08-23,131,170.05,22277.06,vested
V01537,P100287,Barclays,ESPP,2025-08-23,124,63.33,7852.67,vested
V00578,P100401,BP,RSU,2025-08-24,130,192.71,25052.11,vested
V01761,P100454,SAP,RSU,2025-08-24,120,131.79,15814.48,vested
V01030,P100066,DHL,SAYE,2025-08-24,223,38.34,8549.74,vested
V00342,P100279,Unilever,RSU,2025-08-24,150,63.65,9547.21,vested
V00945,P100062,DHL,SAYE,2025-08-26,155,23.34,3617.43,vested
V00401,P100104,Novartis,RSU,2025-08-26,69,210.32,14512.36,vested
V01399,P100314,Barclays,RSU,2025-08-26,83,209.04,17350.31,vested
V00843,P100402,Novartis,RSU,2025-08-27,13,205.67,2673.66,vested
V01834,P100314,Barclays,RSU,2025-08-28,66,219.92,14514.91,vested
V01712,P100022,Vodafone,RSU,2025-08-28,162,218.68,35426.68,vested
V01624,P100174,AstraZeneca,ESPP,2025-08-28,189,28.0,5291.91,vested
V00709,P100116,Novartis,SAYE,2025-08-29,161,11.58,1863.6,vested
V00282,P100152,SAP,ESPP,2025-08-29,86,38.72,3329.7,vested
V01319,P100156,AstraZeneca,RSU,2025-08-29,62,196.99,12213.09,vested
V00807,P100029,Siemens,SAYE,2025-08-30,32,13.78,440.9,vested
V00851,P100363,SAP,SAYE,2025-08-30,47,34.3,1612.23,vested
V00117,P100300,Novartis,RSU,2025-08-30,156,168.87,26343.56,vested
V00960,P100289,SAP,ESPP,2025-08-31,53,72.25,3829.46,vested
V00450,P100350,DHL,ESPP,2025-09-02,20,48.84,976.78,vested
V00418,P100322,Barclays,RSU,2025-09-02,84,140.67,11816.59,vested
V00601,P100171,Coca-Cola,RSU,2025-09-02,83,72.36,6006.09,vested
V01092,P100293,SAP,RSU,2025-09-03,215,63.79,13715.19,vested
V00859,P100157,Siemens,SAYE,2025-09-03,165,10.54,1739.65,vested
V01442,P100295,BP,RSU,2025-09-04,161,149.41,24054.52,vested
V00963,P100342,Unilever,RSU,2025-09-06,20,202.21,4044.21,vested
V00491,P100392,DHL,ESPP,2025-09-06,213,19.66,4187.67,vested
V00584,P100182,Coca-Cola,SAYE,2025-09-07,112,19.03,2131.42,vested
V01543,P100310,Coca-Cola,RSU,2025-09-07,198,85.89,17006.75,vested
V01051,P100193,Unilever,SAYE,2025-09-07,22,10.76,236.8,vested
V01417,P100438,Novartis,SAYE,2025-09-07,191,21.29,4066.36,vested
V00055,P100425,Unilever,RSU,2025-09-07,14,62.55,875.65,vested
V01696,P100359,DHL,RSU,2025-09-08,248,135.53,33610.51,vested
V00357,P100472,SAP,RSU,2025-09-08,247,182.67,45120.05,vested
V00697,P100000,Novartis,RSU,2025-09-09,115,163.35,18785.44,vested
V00393,P100112,Barclays,RSU,2025-09-09,126,94.77,11941.41,vested
V00062,P100371,AstraZeneca,ESPP,2025-09-10,216,64.87,14011.44,vested
V00567,P100286,SAP,RSU,2025-09-11,50,207.4,10369.84,vested
V01879,P100287,Barclays,ESPP,2025-09-11,32,43.95,1406.48,vested
V01531,P100089,Coca-Cola,RSU,2025-09-11,51,208.56,10636.79,vested
V01860,P100018,Unilever,SAYE,2025-09-12,149,37.91,5649.26,vested
V00058,P100219,Barclays,RSU,2025-09-12,111,146.49,16260.56,vested
V01436,P100204,SAP,ESPP,2025-09-12,210,74.12,15564.45,vested
V01263,P100128,SAP,SAYE,2025-09-13,82,40.5,3321.01,vested
V00736,P100319,Vodafone,ESPP,2025-09-13,233,87.32,20346.56,vested
V01588,P100352,DHL,RSU,2025-09-13,94,139.18,13082.52,vested
V00539,P100467,Vodafone,RSU,2025-09-14,115,74.81,8603.08,vested
V01268,P100257,SAP,RSU,2025-09-14,142,207.81,29508.94,vested
V01192,P100151,BP,SAYE,2025-09-14,139,24.94,3467.29,vested
V00867,P100369,BP,RSU,2025-09-14,129,183.0,23606.59,vested
V00452,P100425,Unilever,RSU,2025-09-15,165,214.03,35315.12,vested
V01061,P100252,Coca-Cola,ESPP,2025-09-15,36,78.41,2822.9,vested
V01580,P100257,SAP,RSU,2025-09-15,116,199.68,23163.45,vested
V01612,P100327,DHL,RSU,2025-09-15,147,215.73,31712.77,vested
V00081,P100112,Barclays,ESPP,2025-09-16,108,46.87,5062.35,vested
V00604,P100374,SAP,RSU,2025-09-16,223,201.52,44938.89,vested
V00883,P100122,SAP,SAYE,2025-09-17,41,21.9,897.72,vested
V00967,P100045,Unilever,RSU,2025-09-17,149,111.61,16629.27,vested
V00208,P100316,Barclays,RSU,2025-09-18,140,64.98,9097.89,vested
V00410,P100145,AstraZeneca,RSU,2025-09-18,67,174.63,11700.16,vested
V01877,P100194,SAP,RSU,2025-09-18,217,172.39,37409.05,vested
V00790,P100035,AstraZeneca,ESPP,2025-09-19,229,36.59,8379.02,vested
V00519,P100285,Coca-Cola,ESPP,2025-09-19,49,69.85,3422.87,vested
V01043,P100209,Coca-Cola,SAYE,2025-09-20,235,28.88,6787.05,vested
V00391,P100161,BP,ESPP,2025-09-20,50,21.6,1079.86,vested
V00874,P100136,Vodafone,RSU,2025-09-21,81,78.11,6327.3,vested
V00784,P100255,Novartis,SAYE,2025-09-21,212,28.37,6015.23,vested
V01234,P100171,Coca-Cola,ESPP,2025-09-21,144,57.9,8337.18,vested
V01640,P100253,AstraZeneca,SAYE,2025-09-21,94,13.96,1312.26,vested
V01149,P100290,Unilever,RSU,2025-09-22,211,81.39,17173.05,vested
V00670,P100073,AstraZeneca,RSU,2025-09-22,109,117.17,12771.47,vested
V00311,P100092,Coca-Cola,RSU,2025-09-22,27,114.98,3104.55,vested
V01490,P100388,SAP,RSU,2025-09-23,42,193.32,8119.37,vested
V01895,P100031,Vodafone,RSU,2025-09-23,247,120.31,29715.77,vested
V00032,P100163,SAP,RSU,2025-09-23,75,103.88,7790.76,vested
V01611,P100001,Coca-Cola,SAYE,2025-09-23,75,9.91,743.21,vested
V01356,P100014,Coca-Cola,RSU,2025-09-23,192,121.87,23399.59,vested
V01731,P100110,Coca-Cola,RSU,2025-09-23,39,166.37,6488.32,vested
V01414,P100400,Barclays,RSU,2025-09-24,216,128.09,27666.8,vested
V00104,P100423,SAP,RSU,2025-09-24,222,165.95,36841.8,vested
V01693,P100462,Vodafone,RSU,2025-09-25,221,103.77,22932.7,vested
V01615,P100086,Novartis,RSU,2025-09-25,139,92.72,12887.52,vested
V00748,P100255,Novartis,RSU,2025-09-27,124,185.75,23033.58,vested
V00558,P100419,BP,RSU,2025-09-28,169,125.1,21142.2,vested
V01659,P100010,Barclays,RSU,2025-09-28,59,170.54,10062.13,vested
V00935,P100220,Barclays,RSU,2025-09-28,214,106.58,22807.2,vested
V01838,P100391,SAP,RSU,2025-09-30,194,74.94,14537.47,vested
V00831,P100221,Coca-Cola,SAYE,2025-09-30,218,37.27,8125.28,vested
V01213,P100153,DHL,RSU,2025-10-01,136,219.27,29820.1,vested
V01718,P100298,Novartis,ESPP,2025-10-02,174,33.51,5830.91,vested
V00714,P100252,Coca-Cola,RSU,2025-10-02,247,169.26,41808.0,vested
V01400,P100274,Siemens,SAYE,2025-10-04,189,33.51,6332.53,vested
V00445,P100190,BP,ESPP,2025-10-04,161,16.48,2653.11,vested
V01622,P100474,AstraZeneca,RSU,2025-10-04,163,165.37,26955.54,vested
V01360,P100061,Coca-Cola,SAYE,2025-10-05,249,10.07,2507.38,vested
V00396,P100287,Barclays,RSU,2025-10-05,105,111.96,11755.84,vested
V00608,P100320,BP,RSU,2025-10-05,88,192.52,16941.41,vested
V01699,P100280,SAP,RSU,2025-10-05,43,174.06,7484.56,vested
V00944,P100449,DHL,ESPP,2025-10-05,36,55.22,1988.04,vested
V01614,P100004,SAP,RSU,2025-10-06,121,105.49,12764.02,vested
V00010,P100345,Unilever,RSU,2025-10-07,80,163.05,13044.31,vested
V01327,P100446,Vodafone,RSU,2025-10-07,14,98.64,1380.98,vested
V01607,P100434,SAP,RSU,2025-10-07,119,92.91,11055.9,vested
V00933,P100152,SAP,RSU,2025-10-07,104,196.9,20477.27,vested
V00991,P100357,Unilever,SAYE,2025-10-08,35,22.15,775.27,vested
V00112,P100300,Novartis,RSU,2025-10-08,73,171.34,12507.86,vested
V00161,P100287,Barclays,RSU,2025-10-09,39,85.75,3344.31,vested
V00419,P100270,SAP,RSU,2025-10-09,181,144.53,26159.98,vested
V01493,P100460,DHL,SAYE,2025-10-10,193,21.21,4093.46,vested
V00673,P100352,DHL,RSU,2025-10-11,12,128.31,1539.71,vested
V00895,P100272,SAP,RSU,2025-10-11,118,92.47,10911.13,vested
V00345,P100123,Coca-Cola,RSU,2025-10-11,147,132.09,19416.7,vested
V01751,P100461,SAP,SAYE,2025-10-11,90,13.49,1214.32,vested
V00532,P100163,SAP,RSU,2025-10-11,112,198.03,22178.94,vested
V00385,P100340,SAP,RSU,2025-10-12,213,193.59,41234.91,vested
V01363,P100136,Vodafone,ESPP,2025-10-13,213,40.63,8653.73,vested
V01498,P100249,Coca-Cola,RSU,2025-10-13,95,137.15,13029.33,vested
V00821,P100319,Vodafone,RSU,2025-10-13,49,121.53,5954.98,vested
V00551,P100339,BP,ESPP,2025-10-14,231,33.82,7812.07,vested
V01036,P100470,Barclays,RSU,2025-10-14,97,143.1,13880.72,vested
V01422,P100021,Barclays,RSU,2025-10-14,138,189.82,26195.29,vested
V00400,P100159,Novartis,SAYE,2025-10-14,75,44.67,3350.58,vested
V01114,P100430,BP,RSU,2025-10-15,196,86.5,16953.75,vested
V00581,P100285,Coca-Cola,RSU,2025-10-15,77,66.77,5141.62,vested
V00761,P100316,Barclays,RSU,2025-10-16,24,99.93,2398.3,vested
V01886,P100200,Novartis,ESPP,2025-10-17,52,20.4,1060.78,vested
V01576,P100286,SAP,ESPP,2025-10-17,229,47.06,10776.01,vested
V00502,P100113,DHL,RSU,2025-10-18,186,84.78,15768.76,vested
V00594,P100465,Siemens,RSU,2025-10-18,17,204.7,3479.85,vested
V00635,P100094,Barclays,RSU,2025-10-18,122,125.86,15355.3,vested
V00702,P100440,Unilever,RSU,2025-10-18,161,76.99,12396.16,vested
V00694,P100057,DHL,RSU,2025-10-19,14,209.06,2926.91,vested
V01862,P100299,Siemens,ESPP,2025-10-19,9,15.22,136.94,vested
V00256,P100342,Unilever,SAYE,2025-10-19,104,26.74,2781.18,vested
V00554,P100423,SAP,RSU,2025-10-19,10,115.2,1152.04,vested
V01766,P100121,Siemens,RSU,2025-10-19,199,108.43,21577.7,vested
V01432,P100030,Novartis,RSU,2025-10-20,16,91.17,1458.79,vested
V00344,P100058,SAP,SAYE,2025-10-20,17,38.54,655.22,vested
V00583,P100464,DHL,SAYE,2025-10-21,166,29.55,4905.28,vested
V01025,P100353,DHL,RSU,2025-10-21,156,178.01,27769.65,vested
V01570,P100353,DHL,RSU,2025-10-21,37,129.9,4806.12,vested
V01229,P100340,SAP,RSU,2025-10-22,150,137.32,20598.3,vested
V01156,P100395,Coca-Cola,RSU,2025-10-22,206,187.67,38659.91,vested
V01806,P100025,AstraZeneca,ESPP,2025-10-22,111,58.15,6454.1,vested
V01113,P100331,AstraZeneca,RSU,2025-10-23,121,84.8,10260.2,vested
V00990,P100068,SAP,RSU,2025-10-24,54,65.89,3557.95,vested
V01670,P100322,Barclays,ESPP,2025-10-24,144,45.84,6600.45,vested
V00323,P100449,DHL,SAYE,2025-10-24,40,9.91,396.34,vested
V01870,P100454,SAP,RSU,2025-10-24,60,168.36,10101.64,vested
V00802,P100416,SAP,RSU,2025-10-25,63,76.19,4800.09,vested
V01106,P100469,Coca-Cola,SAYE,2025-10-25,223,38.57,8601.5,vested
V00932,P100420,Siemens,RSU,2025-10-26,129,145.51,18770.41,vested
V00293,P100252,Coca-Cola,RSU,2025-10-27,247,79.25,19573.69,vested
V00585,P100057,DHL,RSU,2025-10-27,142,71.11,10097.14,vested
V00294,P100042,Siemens,RSU,2025-10-27,37,190.69,7055.57,vested
V00865,P100401,BP,RSU,2025-10-28,121,157.23,19024.99,vested
V00760,P100054,Siemens,RSU,2025-10-28,62,130.99,8121.2,vested
V01240,P100076,Barclays,RSU,2025-10-29,240,132.88,31890.29,vested
V00025,P100244,DHL,RSU,2025-10-29,136,198.88,27048.06,vested
V00348,P100129,DHL,RSU,2025-10-29,7,141.6,991.19,vested
V00779,P100140,Coca-Cola,RSU,2025-10-29,30,60.17,1805.05,vested
V00443,P100313,Barclays,RSU,2025-10-29,91,133.47,12145.62,vested
V01384,P100275,Barclays,RSU,2025-10-29,194,157.93,30639.03,vested
V01449,P100057,DHL,ESPP,2025-10-29,128,78.45,10042.08,vested
V01730,P100059,SAP,RSU,2025-10-30,171,101.76,17401.13,vested
V01609,P100457,Coca-Cola,ESPP,2025-10-30,84,67.65,5682.95,vested
V00589,P100344,Novartis,RSU,2025-11-01,227,92.6,21021.32,vested
V01428,P100143,DHL,RSU,2025-11-01,105,159.66,16764.29,vested
V01578,P100163,SAP,RSU,2025-11-02,8,84.15,673.18,vested
V01002,P100168,Barclays,RSU,2025-11-02,220,179.14,39411.54,vested
V00007,P100407,Unilever,ESPP,2025-11-04,20,57.72,1154.47,vested
V00159,P100159,Novartis,RSU,2025-11-04,67,125.27,8392.95,vested
V01143,P100106,Coca-Cola,ESPP,2025-11-05,83,74.84,6211.46,vested
V00776,P100199,Barclays,RSU,2025-11-05,169,107.66,18194.54,vested
V01853,P100069,Coca-Cola,RSU,2025-11-05,172,77.86,13391.67,vested
V00629,P100269,SAP,RSU,2025-11-05,249,208.83,51998.45,vested
V00988,P100436,SAP,ESPP,2025-11-05,183,87.65,16039.73,vested
V00909,P100387,Vodafone,SAYE,2025-11-05,173,38.79,6711.45,vested
V00902,P100270,SAP,ESPP,2025-11-05,183,54.63,9996.84,vested
V00898,P100211,DHL,RSU,2025-11-05,232,81.32,18866.65,vested
V00085,P100470,Barclays,ESPP,2025-11-06,94,37.61,3535.3,vested
V01427,P100394,SAP,SAYE,2025-11-06,213,17.71,3773.07,vested
V01244,P100347,AstraZeneca,RSU,2025-11-06,201,69.75,14020.42,vested
V00778,P100232,Vodafone,RSU,2025-11-06,224,119.1,26678.95,vested
V01592,P100241,Unilever,RSU,2025-11-06,234,182.11,42614.8,vested
V00183,P100130,AstraZeneca,RSU,2025-11-06,203,217.41,44134.49,vested
V01181,P100256,Unilever,SAYE,2025-11-08,200,29.99,5997.99,vested
V01101,P100246,DHL,SAYE,2025-11-08,64,9.13,584.62,vested
V00005,P100065,DHL,RSU,2025-11-08,143,103.6,14814.54,vested
V01366,P100114,AstraZeneca,RSU,2025-11-08,187,99.2,18549.83,vested
V00164,P100146,Barclays,RSU,2025-11-08,123,135.9,16715.84,vested
V01606,P100283,AstraZeneca,RSU,2025-11-09,181,129.21,23387.47,vested
V00510,P100389,Unilever,RSU,2025-11-09,38,213.01,8094.55,vested
V01617,P100375,SAP,RSU,2025-11-09,114,200.12,22813.24,vested
V00840,P100364,Siemens,RSU,2025-11-10,187,145.07,27127.16,vested
V01348,P100270,SAP,RSU,2025-11-10,102,118.83,12121.09,vested
V00286,P100405,BP,RSU,2025-11-10,188,96.74,18187.94,vested
V00559,P100129,DHL,RSU,2025-11-11,48,112.5,5400.14,vested
V01685,P100090,SAP,SAYE,2025-11-11,35,13.67,478.29,vested
V01387,P100276,Barclays,RSU,2025-11-11,117,112.22,13129.42,vested
V00806,P100068,SAP,RSU,2025-11-12,68,165.96,11285.48,vested
V00457,P100292,BP,RSU,2025-11-12,97,66.06,6407.68,vested
V00289,P100424,DHL,ESPP,2025-11-13,21,88.52,1858.89,vested
V00313,P100304,Unilever,RSU,2025-11-13,127,140.92,17896.51,vested
V00187,P100436,SAP,RSU,2025-11-14,134,185.29,24829.41,vested
V00815,P100454,SAP,ESPP,2025-11-14,22,24.61,541.47,vested
V01283,P100316,Barclays,ESPP,2025-11-15,243,89.75,21809.26,vested
V01593,P100350,DHL,ESPP,2025-11-15,215,47.49,10210.2,vested
V01328,P100392,DHL,RSU,2025-11-15,234,115.78,27092.57,vested
V00042,P100068,SAP,ESPP,2025-11-17,108,18.45,1993.13,vested
V00598,P100116,Novartis,RSU,2025-11-17,124,118.2,14656.48,vested
V00381,P100477,DHL,ESPP,2025-11-18,180,57.22,10299.93,vested
V01750,P100350,DHL,RSU,2025-11-18,85,185.82,15794.91,vested
V00014,P100457,Coca-Cola,RSU,2025-11-20,24,60.97,1463.26,vested
V00409,P100253,AstraZeneca,SAYE,2025-11-20,143,20.28,2899.62,vested
V01137,P100092,Coca-Cola,ESPP,2025-11-20,224,78.06,17485.07,vested
V00970,P100270,SAP,RSU,2025-11-21,105,104.08,10928.58,vested
V00968,P100380,DHL,RSU,2025-11-21,131,205.01,26856.32,vested
V01148,P100368,Barclays,RSU,2025-11-22,30,106.76,3202.73,vested
V00742,P100289,SAP,ESPP,2025-11-22,194,23.45,4550.02,vested
V00142,P100261,Unilever,RSU,2025-11-22,133,88.78,11807.98,vested
V00718,P100016,DHL,RSU,2025-11-23,161,151.7,24422.96,vested
V00087,P100058,SAP,RSU,2025-11-24,100,164.95,16494.65,vested
V00049,P100106,Coca-Cola,RSU,2025-11-24,76,152.64,11600.84,vested
V00387,P100195,AstraZeneca,RSU,2025-11-25,64,137.33,8789.35,vested
V00092,P100209,Coca-Cola,SAYE,2025-11-25,97,37.81,3667.25,vested
V01780,P100151,BP,RSU,2025-11-25,122,202.77,24737.82,vested
V01647,P100369,BP,SAYE,2025-11-25,71,15.72,1116.4,vested
V00965,P100367,Siemens,RSU,2025-11-25,23,201.05,4624.15,vested
V00301,P100080,Siemens,RSU,2025-11-25,82,85.79,7034.84,vested
V01682,P100273,DHL,ESPP,2025-11-26,139,77.85,10820.94,vested
V01887,P100275,Barclays,ESPP,2025-11-26,123,16.93,2082.12,vested
V01765,P100311,Coca-Cola,SAYE,2025-11-26,183,44.98,8231.54,vested
V01117,P100132,DHL,SAYE,2025-11-26,40,14.53,581.08,vested
V00871,P100126,Barclays,RSU,2025-11-27,69,88.76,6124.68,vested
V01332,P100079,Novartis,SAYE,2025-11-27,95,30.8,2926.16,vested
V01482,P100170,Barclays,SAYE,2025-11-27,121,9.38,1134.57,vested
V01786,P100303,Coca-Cola,RSU,2025-11-27,220,65.68,14450.65,vested
V00328,P100368,Barclays,RSU,2025-11-27,146,209.98,30656.74,vested
V00506,P100202,Coca-Cola,RSU,2025-11-28,115,112.46,12933.01,vested
V00026,P100230,SAP,RSU,2025-11-28,141,111.02,15654.35,vested
V00947,P100202,Coca-Cola,RSU,2025-11-28,36,194.29,6994.39,vested
V01430,P100316,Barclays,RSU,2025-11-29,12,194.37,2332.39,vested
V01242,P100024,Novartis,RSU,2025-11-30,202,151.07,30515.69,vested
V00739,P100431,Novartis,SAYE,2025-11-30,225,17.43,3922.05,vested
V01406,P100172,AstraZeneca,ESPP,2025-11-30,243,60.19,14625.23,vested
V01444,P100302,DHL,RSU,2025-12-01,154,83.55,12866.12,vested
V01401,P100229,SAP,SAYE,2025-12-01,149,28.79,4289.46,vested
V01012,P100163,SAP,RSU,2025-12-02,113,98.85,11169.84,vested
V00448,P100349,SAP,SAYE,2025-12-02,203,10.7,2172.01,vested
V00512,P100442,Novartis,ESPP,2025-12-02,165,76.89,12687.23,vested
V00799,P100195,AstraZeneca,ESPP,2025-12-02,54,26.2,1414.55,vested
V00174,P100041,Unilever,ESPP,2025-12-02,14,62.33,872.58,vested
V00015,P100228,Siemens,RSU,2025-12-03,73,72.0,5255.98,vested
V00020,P100005,Vodafone,ESPP,2025-12-03,160,38.15,6103.38,vested
V01350,P100446,Vodafone,RSU,2025-12-04,155,73.57,11403.98,vested
V00675,P100187,SAP,RSU,2025-12-05,174,74.7,12997.05,vested
V00376,P100279,Unilever,SAYE,2025-12-06,180,10.05,1808.91,vested
V00407,P100155,Siemens,ESPP,2025-12-06,15,70.97,1064.57,vested
V01769,P100264,BP,RSU,2025-12-06,102,73.38,7484.44,vested
V00279,P100075,AstraZeneca,SAYE,2025-12-06,77,36.23,2789.76,vested
V01638,P100175,SAP,RSU,2025-12-06,48,149.1,7156.74,vested
V01128,P100245,Unilever,RSU,2025-12-07,235,194.84,45787.86,vested
V01641,P100241,Unilever,RSU,2025-12-07,71,93.23,6619.27,vested
V01259,P100089,Coca-Cola,RSU,2025-12-07,78,211.8,16520.68,vested
V01596,P100408,SAP,RSU,2025-12-07,180,112.51,20251.52,vested
V01019,P100010,Barclays,ESPP,2025-12-07,102,21.57,2200.32,vested
V01603,P100274,Siemens,SAYE,2025-12-07,79,12.77,1009.21,vested
V00613,P100258,SAP,ESPP,2025-12-08,149,59.8,8910.23,vested
V00529,P100160,SAP,ESPP,2025-12-09,12,60.63,727.61,vested
V00130,P100013,Unilever,RSU,2025-12-09,162,96.0,15552.61,vested
V00884,P100397,Barclays,SAYE,2025-12-09,42,31.04,1303.7,vested
V00182,P100209,Coca-Cola,RSU,2025-12-09,185,155.23,28718.38,vested
V01368,P100172,AstraZeneca,RSU,2025-12-10,6,145.57,873.41,vested
V01336,P100067,Barclays,RSU,2025-12-10,163,70.41,11477.22,vested
V01176,P100406,AstraZeneca,RSU,2025-12-11,86,98.37,8459.79,vested
V01010,P100029,Siemens,SAYE,2025-12-11,113,37.65,4254.31,vested
V01840,P100067,Barclays,RSU,2025-12-11,44,62.79,2762.67,vested
V00447,P100384,Barclays,RSU,2025-12-12,138,208.78,28811.85,vested
V01131,P100050,AstraZeneca,SAYE,2025-12-12,46,29.78,1369.65,vested
V00226,P100437,Coca-Cola,RSU,2025-12-12,71,161.3,11452.08,vested
V00449,P100449,DHL,RSU,2025-12-12,35,71.71,2509.81,vested
V01167,P100393,Siemens,RSU,2025-12-12,165,190.76,31475.99,vested
V01275,P100038,AstraZeneca,RSU,2025-12-12,124,200.27,24832.88,vested
V00327,P100016,DHL,RSU,2025-12-12,53,126.61,6710.34,vested
V00557,P100032,Barclays,RSU,2025-12-12,22,206.87,4551.16,vested
V01866,P100010,Barclays,ESPP,2025-12-13,94,63.14,5934.78,vested
V00111,P100402,Novartis,RSU,2025-12-13,84,99.13,8326.57,vested
V01871,P100426,AstraZeneca,ESPP,2025-12-13,13,19.53,253.95,vested
V00354,P100112,Barclays,RSU,2025-12-14,37,78.67,2910.89,vested
V00562,P100450,SAP,ESPP,2025-12-15,187,79.79,14920.14,vested
V00460,P100133,Barclays,RSU,2025-12-15,224,76.38,17108.95,vested
V01747,P100021,Barclays,RSU,2025-12-16,185,67.46,12480.75,vested
V00692,P100401,BP,RSU,2025-12-16,105,179.6,18858.1,vested
V01166,P100321,Coca-Cola,RSU,2025-12-16,65,191.1,12421.75,vested
V01005,P100273,DHL,RSU,2025-12-17,68,126.13,8576.62,vested
V00008,P100448,SAP,RSU,2025-12-17,181,94.3,17067.44,vested
V00464,P100468,SAP,RSU,2025-12-18,175,136.88,23954.38,vested
V01178,P100466,Siemens,RSU,2025-12-18,212,164.9,34958.18,vested
V01369,P100150,Unilever,RSU,2025-12-19,71,78.66,5585.1,vested
V01008,P100010,Barclays,RSU,2025-12-19,73,116.25,8486.21,vested
V00820,P100044,Unilever,RSU,2025-12-20,119,171.72,20434.53,vested
V00039,P100219,Barclays,SAYE,2025-12-21,157,36.05,5659.23,vested
V00753,P100049,SAP,RSU,2025-12-21,30,112.34,3370.14,vested
V01438,P100195,AstraZeneca,ESPP,2025-12-21,248,49.5,12275.05,vested
V01023,P100261,Unilever,SAYE,2025-12-21,139,40.04,5566.14,vested
V01608,P100275,Barclays,RSU,2025-12-21,203,148.54,30154.37,vested
V00889,P100129,DHL,ESPP,2025-12-22,212,28.7,6085.37,vested
V01473,P100187,SAP,RSU,2025-12-22,245,96.1,23545.57,vested
V01124,P100075,AstraZeneca,SAYE,2025-12-22,104,26.22,2727.14,vested
V01855,P100478,Siemens,ESPP,2025-12-22,17,24.4,414.87,vested
V01335,P100205,AstraZeneca,RSU,2025-12-22,63,119.93,7555.46,vested
V00817,P100204,SAP,RSU,2025-12-22,244,168.28,41059.88,vested
V00150,P100293,SAP,SAYE,2025-12-22,60,12.46,747.68,vested
V01273,P100329,AstraZeneca,RSU,2025-12-24,98,63.3,6203.55,vested
V01072,P100295,BP,RSU,2025-12-25,248,113.26,28088.15,vested
V00471,P100059,SAP,RSU,2025-12-25,68,206.47,14039.97,vested
V00299,P100378,Barclays,RSU,2025-12-25,102,68.88,7025.53,vested
V00633,P100393,Siemens,RSU,2025-12-25,132,134.19,17713.58,vested
V01374,P100352,DHL,RSU,2025-12-25,10,112.67,1126.71,vested
V00940,P100467,Vodafone,RSU,2025-12-26,242,191.79,46412.68,vested
V01261,P100176,Coca-Cola,ESPP,2025-12-27,15,82.0,1229.94,vested
V01337,P100132,DHL,ESPP,2025-12-27,207,55.32,11450.27,vested
V00969,P100408,SAP,RSU,2025-12-27,203,107.8,21882.54,vested
V00930,P100467,Vodafone,ESPP,2025-12-27,219,55.92,12247.15,vested
V01772,P100226,SAP,RSU,2025-12-27,107,172.74,18483.41,vested
V00545,P100275,Barclays,RSU,2025-12-27,183,161.16,29491.68,vested
V01232,P100039,Siemens,SAYE,2025-12-28,138,43.65,6023.01,vested
V01103,P100377,Coca-Cola,ESPP,2025-12-29,137,70.08,9601.31,vested
V01119,P100093,Barclays,RSU,2025-12-29,110,104.96,11545.82,vested
V00173,P100293,SAP,RSU,2025-12-29,81,100.15,8111.79,vested
V00892,P100457,Coca-Cola,RSU,2025-12-29,211,154.52,32604.52,vested
V00824,P100293,SAP,RSU,2025-12-30,188,174.67,32838.73,vested
V00590,P100015,AstraZeneca,RSU,2025-12-30,170,206.11,35039.48,vested
V00894,P100470,Barclays,RSU,2025-12-30,142,106.2,15080.2,vested
V01367,P100026,Coca-Cola,RSU,2025-12-31,31,60.87,1886.88,vested
V01583,P100150,Unilever,RSU,2026-01-01,231,132.29,30557.93,vested
V00195,P100424,DHL,ESPP,2026-01-01,220,32.75,7205.29,vested
V00979,P100288,DHL,RSU,2026-01-01,173,120.92,20919.24,vested
V00428,P100068,SAP,RSU,2026-01-01,184,203.19,37386.38,vested
V00722,P100243,DHL,SAYE,2026-01-02,54,20.96,1132.03,vested
V01815,P100304,Unilever,ESPP,2026-01-02,149,61.86,9216.74,vested
V00852,P100080,Siemens,RSU,2026-01-02,124,105.9,13131.97,vested
V00844,P100188,Novartis,SAYE,2026-01-03,119,28.28,3365.11,vested
V00575,P100342,Unilever,RSU,2026-01-04,157,184.1,28903.16,vested
V01158,P100179,Novartis,ESPP,2026-01-04,41,80.16,3286.57,vested
V00949,P100148,Coca-Cola,RSU,2026-01-04,224,158.57,35520.57,vested
V01662,P100213,Unilever,RSU,2026-01-04,35,167.12,5849.09,vested
V00553,P100434,SAP,RSU,2026-01-05,137,162.11,22209.49,vested
V01512,P100213,Unilever,ESPP,2026-01-05,245,59.53,14584.58,vested
V00019,P100405,BP,RSU,2026-01-05,211,164.88,34789.39,vested
V00439,P100052,Novartis,RSU,2026-01-06,226,146.86,33190.33,vested
V01321,P100022,Vodafone,RSU,2026-01-06,226,65.29,14755.42,vested
V01320,P100097,SAP,RSU,2026-01-06,27,90.7,2448.98,vested
V00602,P100160,SAP,RSU,2026-01-07,156,82.75,12908.96,vested
V00356,P100167,Unilever,ESPP,2026-01-07,20,60.11,1202.2,vested
V01376,P100270,SAP,ESPP,2026-01-08,58,86.77,5032.47,vested
V00068,P100177,Vodafone,ESPP,2026-01-08,15,74.01,1110.17,vested
V01407,P100395,Coca-Cola,RSU,2026-01-08,34,133.63,4543.51,vested
V00067,P100392,DHL,SAYE,2026-01-09,153,23.32,3567.58,vested
V00523,P100379,Novartis,RSU,2026-01-09,163,120.54,19648.05,vested
V01605,P100018,Unilever,ESPP,2026-01-09,170,41.93,7127.41,vested
V00549,P100309,SAP,RSU,2026-01-10,137,105.08,14396.33,vested
V01311,P100082,Unilever,ESPP,2026-01-10,42,18.78,788.59,vested
V00813,P100345,Unilever,RSU,2026-01-10,171,198.04,33864.21,vested
V01258,P100415,AstraZeneca,RSU,2026-01-11,89,179.02,15932.42,vested
V00681,P100356,Novartis,SAYE,2026-01-11,66,38.04,2510.6,vested
V01097,P100083,AstraZeneca,RSU,2026-01-11,124,142.19,17632.18,vested
V00744,P100128,SAP,RSU,2026-01-11,220,199.98,43996.45,vested
V00541,P100115,Unilever,ESPP,2026-01-11,95,61.0,5795.18,vested
V00918,P100140,Coca-Cola,ESPP,2026-01-11,11,71.58,787.41,vested
V01762,P100312,AstraZeneca,RSU,2026-01-11,183,67.11,12281.71,vested
V01749,P100160,SAP,RSU,2026-01-12,249,152.06,37862.09,vested
V00632,P100338,SAP,RSU,2026-01-12,15,216.54,3248.09,vested
V01665,P100365,Coca-Cola,RSU,2026-01-12,121,63.6,7695.96,vested
V01555,P100171,Coca-Cola,ESPP,2026-01-12,228,52.94,12069.71,vested
V00273,P100370,Novartis,RSU,2026-01-14,56,143.97,8062.16,vested
V00437,P100325,Siemens,ESPP,2026-01-14,122,40.84,4982.22,vested
V00953,P100065,DHL,RSU,2026-01-14,227,169.77,38537.25,vested
V00473,P100444,AstraZeneca,RSU,2026-01-15,64,124.8,7987.47,vested
V01523,P100094,Barclays,RSU,2026-01-15,219,73.86,16175.84,vested
V00782,P100158,Novartis,SAYE,2026-01-16,22,30.14,663.12,vested
V00378,P100187,SAP,RSU,2026-01-16,37,96.38,3566.15,vested
V01492,P100009,Coca-Cola,RSU,2026-01-16,216,128.7,27799.8,vested
V01550,P100204,SAP,RSU,2026-01-17,137,85.08,11656.49,vested
V01701,P100289,SAP,RSU,2026-01-17,173,178.21,30831.18,vested
V01793,P100143,DHL,ESPP,2026-01-18,26,20.89,543.16,vested
V01108,P100260,SAP,RSU,2026-01-18,248,80.53,19970.84,vested
V00826,P100191,AstraZeneca,RSU,2026-01-18,127,150.99,19175.17,vested
V00320,P100176,Coca-Cola,RSU,2026-01-18,159,87.91,13978.32,vested
V01260,P100089,Coca-Cola,SAYE,2026-01-18,117,44.22,5173.99,vested
V01393,P100340,SAP,SAYE,2026-01-18,105,18.47,1939.58,vested
V01276,P100297,Unilever,ESPP,2026-01-19,74,83.43,6173.48,vested
V01820,P100054,Siemens,SAYE,2026-01-19,107,38.37,4105.29,vested
V00993,P100410,Siemens,SAYE,2026-01-19,140,35.86,5019.95,vested
V01231,P100363,SAP,RSU,2026-01-19,97,170.05,16495.07,vested
V00394,P100086,Novartis,RSU,2026-01-20,200,70.04,14008.42,vested
V01047,P100171,Coca-Cola,RSU,2026-01-21,121,192.86,23335.51,vested
V01415,P100376,BP,SAYE,2026-01-21,78,44.65,3482.94,vested
V01015,P100094,Barclays,RSU,2026-01-21,198,66.01,13069.77,vested
V01861,P100178,BP,SAYE,2026-01-21,56,18.11,1014.36,vested
V01890,P100007,Novartis,RSU,2026-01-22,56,165.71,9279.5,vested
V01168,P100014,Coca-Cola,RSU,2026-01-23,17,200.39,3406.67,vested
V01563,P100393,Siemens,RSU,2026-01-23,126,77.58,9775.63,vested
V01781,P100424,DHL,RSU,2026-01-23,244,99.47,24270.46,vested
V00254,P100307,Siemens,SAYE,2026-01-25,76,15.29,1161.87,vested
V00288,P100010,Barclays,RSU,2026-01-26,32,85.46,2734.68,vested
V00372,P100288,DHL,RSU,2026-01-26,168,95.12,15980.27,vested
V01289,P100255,Novartis,SAYE,2026-01-26,134,26.58,3561.57,vested
V01189,P100258,SAP,RSU,2026-01-27,119,164.33,19555.0,vested
V01334,P100184,Novartis,RSU,2026-01-27,225,215.59,48508.64,vested
V01514,P100055,Novartis,RSU,2026-01-27,56,65.66,3677.09,vested
V00961,P100202,Coca-Cola,RSU,2026-01-27,25,70.3,1757.42,vested
V01707,P100335,DHL,RSU,2026-01-28,25,177.76,4443.92,vested
V01372,P100008,SAP,RSU,2026-01-29,249,176.02,43828.61,vested
V01451,P100379,Novartis,RSU,2026-01-29,27,180.0,4859.93,vested
V00261,P100179,Novartis,RSU,2026-01-30,22,194.39,4276.57,vested
V01152,P100458,Novartis,RSU,2026-01-30,128,144.64,18514.14,vested
V00720,P100245,Unilever,RSU,2026-01-30,221,64.15,14176.75,vested
V01163,P100139,SAP,ESPP,2026-01-31,191,37.68,7196.07,vested
V00746,P100218,BP,RSU,2026-01-31,90,86.96,7826.3,vested
V01173,P100421,SAP,ESPP,2026-01-31,49,33.7,1651.31,vested
V01046,P100179,Novartis,RSU,2026-01-31,219,172.84,37852.47,vested
V01824,P100291,SAP,RSU,2026-01-31,187,136.64,25552.23,vested
V01354,P100464,DHL,RSU,2026-02-01,48,125.85,6040.98,vested
V00332,P100353,DHL,RSU,2026-02-02,227,114.99,26102.0,vested
V00241,P100182,Coca-Cola,RSU,2026-02-02,135,166.07,22419.24,vested
V00566,P100139,SAP,RSU,2026-02-02,112,156.36,17512.77,vested
V00830,P100189,AstraZeneca,RSU,2026-02-03,143,128.28,18343.58,vested
V00766,P100219,Barclays,RSU,2026-02-03,153,109.02,16679.36,vested
V01561,P100422,SAP,RSU,2026-02-03,62,120.56,7474.79,vested
V00179,P100332,Siemens,RSU,2026-02-04,52,90.06,4683.0,vested
V01357,P100063,Novartis,ESPP,2026-02-04,75,24.89,1866.44,vested
V01649,P100140,Coca-Cola,RSU,2026-02-04,163,93.89,15304.64,vested
V01465,P100103,Vodafone,RSU,2026-02-04,247,78.15,19302.81,vested
V01140,P100460,DHL,SAYE,2026-02-05,239,38.83,9280.39,vested
V01412,P100458,Novartis,ESPP,2026-02-05,163,44.42,7239.71,vested
V01510,P100179,Novartis,SAYE,2026-02-06,143,25.07,3584.82,vested
V00316,P100059,SAP,ESPP,2026-02-06,51,51.6,2631.51,vested
V01674,P100346,Vodafone,SAYE,2026-02-06,52,30.17,1568.76,vested
V01782,P100272,SAP,RSU,2026-02-07,245,207.68,50881.29,vested
V01797,P100410,Siemens,ESPP,2026-02-07,46,25.84,1188.82,vested
V00478,P100250,Siemens,ESPP,2026-02-08,25,47.82,1195.52,vested
V01301,P100185,Siemens,ESPP,2026-02-09,108,45.24,4885.46,vested
V01470,P100459,Siemens,RSU,2026-02-09,133,205.27,27300.82,vested
V00021,P100176,Coca-Cola,RSU,2026-02-09,193,219.62,42387.39,vested
V01385,P100457,Coca-Cola,SAYE,2026-02-10,156,32.06,5000.74,vested
V01398,P100159,Novartis,RSU,2026-02-11,35,60.63,2122.1,vested
V00205,P100436,SAP,SAYE,2026-02-11,217,8.34,1810.18,vested
V01872,P100318,Barclays,SAYE,2026-02-11,133,40.59,5398.65,vested
V00425,P100210,Siemens,ESPP,2026-02-12,82,79.96,6556.95,vested
V00687,P100253,AstraZeneca,RSU,2026-02-12,121,116.33,14075.5,vested
V00158,P100188,Novartis,RSU,2026-02-13,108,207.26,22384.52,vested
V01547,P100064,Siemens,SAYE,2026-02-13,245,39.4,9652.7,vested
V00500,P100209,Coca-Cola,ESPP,2026-02-13,124,63.81,7912.43,vested
V00267,P100279,Unilever,ESPP,2026-02-13,154,39.16,6030.32,vested
V00974,P100167,Unilever,RSU,2026-02-15,47,84.94,3992.38,vested
V00497,P100473,SAP,RSU,2026-02-15,101,127.66,12894.16,vested
V01645,P100264,BP,ESPP,2026-02-15,84,69.32,5822.73,vested
V01799,P100428,SAP,ESPP,2026-02-17,89,32.23,2868.46,vested
V01594,P100299,Siemens,ESPP,2026-02-17,224,35.52,7956.59,vested
V00571,P100371,AstraZeneca,RSU,2026-02-18,84,178.81,15020.13,vested
V01295,P100377,Coca-Cola,RSU,2026-02-18,148,66.12,9785.18,vested
V01279,P100308,AstraZeneca,RSU,2026-02-18,9,128.14,1153.25,vested
V01381,P100017,SAP,ESPP,2026-02-19,9,26.75,240.78,vested
V00380,P100166,Unilever,SAYE,2026-02-20,163,30.99,5052.15,vested
V01833,P100433,Unilever,RSU,2026-02-21,202,188.54,38084.26,vested
V01247,P100063,Novartis,RSU,2026-02-21,96,196.66,18879.7,vested
V00412,P100136,Vodafone,RSU,2026-02-21,163,193.95,31614.44,vested
V00737,P100293,SAP,ESPP,2026-02-22,165,37.97,6264.96,vested
V00656,P100037,Coca-Cola,RSU,2026-02-23,190,65.0,12350.83,vested
V00317,P100059,SAP,RSU,2026-02-23,110,83.92,9231.41,vested
V00509,P100359,DHL,SAYE,2026-02-23,34,26.14,888.92,vested
V01111,P100032,Barclays,ESPP,2026-02-24,33,36.71,1211.3,vested
V01179,P100288,DHL,SAYE,2026-02-24,195,38.93,7591.93,vested
V01139,P100474,AstraZeneca,RSU,2026-02-25,11,69.78,767.59,vested
V01383,P100075,AstraZeneca,RSU,2026-02-25,116,162.43,18841.58,vested
V01875,P100337,Novartis,SAYE,2026-02-26,156,17.73,2765.54,vested
V00185,P100373,Barclays,RSU,2026-02-26,177,188.11,33295.03,vested
V01386,P100334,SAP,ESPP,2026-02-26,197,73.0,14380.51,vested
V01162,P100049,SAP,ESPP,2026-02-27,34,71.01,2414.49,vested
V01291,P100217,SAP,SAYE,2026-02-27,86,28.17,2422.3,vested
V01034,P100423,SAP,RSU,2026-02-27,9,183.51,1651.57,vested
V00124,P100188,Novartis,RSU,2026-02-28,45,197.58,8890.92,vested
V00078,P100274,Siemens,SAYE,2026-03-02,22,12.55,276.1,vested
V00390,P100011,BP,SAYE,2026-03-02,143,32.36,4627.77,vested
V00079,P100267,SAP,RSU,2026-03-02,74,84.96,6287.14,vested
V00188,P100230,SAP,RSU,2026-03-02,30,164.9,4946.85,vested
V00928,P100104,Novartis,RSU,2026-03-02,27,183.09,4943.51,vested
V00190,P100404,Vodafone,ESPP,2026-03-03,128,32.09,4106.99,vested
V01118,P100090,SAP,RSU,2026-03-04,180,174.0,31319.9,vested
V01058,P100270,SAP,RSU,2026-03-04,147,116.12,17069.26,vested
V00866,P100238,SAP,ESPP,2026-03-04,118,70.11,8273.42,vested
V00189,P100210,Siemens,RSU,2026-03-04,96,170.58,16375.79,vested
V00950,P100221,Coca-Cola,RSU,2026-03-04,233,183.56,42770.13,vested
V01499,P100101,Siemens,RSU,2026-03-05,177,99.25,17567.7,vested
V00785,P100177,Vodafone,RSU,2026-03-05,30,106.41,3192.23,vested
V01678,P100225,BP,ESPP,2026-03-05,212,79.07,16763.86,vested
V00891,P100021,Barclays,RSU,2026-03-06,22,131.18,2886.05,vested
V01795,P100154,SAP,RSU,2026-03-07,109,120.96,13184.37,vested
V00072,P100348,DHL,SAYE,2026-03-07,96,33.24,3191.49,vested
V00272,P100243,DHL,ESPP,2026-03-07,83,18.48,1533.99,vested
V00298,P100409,Vodafone,RSU,2026-03-07,19,156.42,2972.03,vested
V00498,P100317,Siemens,RSU,2026-03-08,108,128.26,13852.25,vested
V00886,P100408,SAP,ESPP,2026-03-08,117,58.53,6848.07,vested
V01447,P100030,Novartis,RSU,2026-03-08,122,106.39,12978.98,vested
V00120,P100403,SAP,RSU,2026-03-09,39,83.96,3274.34,vested
V00308,P100348,DHL,SAYE,2026-03-09,233,18.22,4245.52,vested
V01778,P100324,Unilever,RSU,2026-03-09,222,140.9,31280.9,vested
V01675,P100241,Unilever,ESPP,2026-03-09,57,44.14,2515.99,vested
V00477,P100288,DHL,RSU,2026-03-09,94,77.23,7259.64,vested
V01468,P100426,AstraZeneca,RSU,2026-03-09,40,132.36,5294.38,vested
V00265,P100342,Unilever,RSU,2026-03-09,51,157.47,8031.06,vested
V01373,P100163,SAP,RSU,2026-03-09,122,102.15,12462.65,vested
V00620,P100353,DHL,ESPP,2026-03-09,176,31.43,5532.34,vested
V01604,P100355,DHL,SAYE,2026-03-10,23,40.16,923.7,vested
V01121,P100102,AstraZeneca,RSU,2026-03-10,74,95.76,7086.22,vested
V00276,P100055,Novartis,ESPP,2026-03-10,217,82.18,17833.02,vested
V00662,P100034,Coca-Cola,ESPP,2026-03-10,5,73.91,369.54,vested
V01671,P100357,Unilever,ESPP,2026-03-13,248,48.12,11934.18,vested
V00334,P100310,Coca-Cola,RSU,2026-03-13,164,219.17,35944.16,vested
V01516,P100339,BP,RSU,2026-03-13,160,93.63,14980.23,vested
V01257,P100275,Barclays,RSU,2026-03-14,77,191.73,14762.96,vested
V00352,P100125,Coca-Cola,RSU,2026-03-15,111,180.54,20039.83,vested
V01554,P100228,Siemens,ESPP,2026-03-15,109,66.89,7290.95,vested
V01284,P100054,Siemens,ESPP,2026-03-17,153,54.65,8361.73,vested
V00912,P100281,AstraZeneca,RSU,2026-03-17,83,117.87,9783.17,vested
V00855,P100130,AstraZeneca,SAYE,2026-03-18,217,16.39,3557.31,vested
V01076,P100122,SAP,RSU,2026-03-18,183,199.84,36570.47,vested
V00546,P100130,AstraZeneca,RSU,2026-03-18,31,219.79,6813.53,vested
V01509,P100315,Barclays,SAYE,2026-03-18,44,9.04,397.7,vested
V01185,P100409,Vodafone,RSU,2026-03-19,9,102.27,920.44,vested
V00131,P100186,Barclays,ESPP,2026-03-19,106,36.04,3820.17,vested
V01821,P100312,AstraZeneca,SAYE,2026-03-19,114,30.27,3450.22,vested
V00100,P100073,AstraZeneca,RSU,2026-03-19,8,140.86,1126.91,vested
V00787,P100206,SAP,RSU,2026-03-20,155,159.47,24717.38,vested
V00266,P100317,Siemens,RSU,2026-03-21,84,129.58,10884.84,vested
V01421,P100143,DHL,RSU,2026-03-21,25,144.45,3611.27,vested
V00674,P100253,AstraZeneca,RSU,2026-03-21,29,177.07,5134.96,vested
V00168,P100460,DHL,RSU,2026-03-21,210,174.67,36679.96,vested
V01628,P100180,BP,RSU,2026-03-23,129,216.2,27889.68,vested
V01141,P100145,AstraZeneca,RSU,2026-03-23,132,64.37,8496.87,vested
V01663,P100479,Coca-Cola,RSU,2026-03-23,5,185.26,926.29,vested
V00206,P100460,DHL,RSU,2026-03-23,74,119.27,8826.12,vested
V00388,P100158,Novartis,RSU,2026-03-23,78,203.09,15840.73,vested
V01776,P100136,Vodafone,RSU,2026-03-23,63,79.67,5019.28,vested
V01452,P100200,Novartis,RSU,2026-03-24,10,121.12,1211.18,vested
V00434,P100431,Novartis,ESPP,2026-03-24,175,81.03,14179.66,vested
V00860,P100185,Siemens,RSU,2026-03-25,160,130.87,20938.47,vested
V00887,P100029,Siemens,RSU,2026-03-25,135,73.0,9855.32,vested
V01582,P100306,Barclays,SAYE,2026-03-25,87,40.59,3531.3,vested
V00513,P100167,Unilever,RSU,2026-03-28,73,197.55,14421.41,vested
V01243,P100041,Unilever,RSU,2026-03-28,225,85.03,19131.44,vested
V01177,P100377,Coca-Cola,RSU,2026-03-28,43,123.0,5289.15,vested
V00946,P100472,SAP,ESPP,2026-03-29,196,82.79,16226.77,vested
V00246,P100140,Coca-Cola,RSU,2026-03-29,177,183.84,32540.36,vested
V01869,P100295,BP,SAYE,2026-03-30,22,33.9,745.76,vested
V00351,P100077,Siemens,SAYE,2026-03-31,22,30.65,674.29,vested
V01526,P100335,DHL,RSU,2026-04-01,177,140.75,24912.12,vested
V00095,P100255,Novartis,SAYE,2026-04-01,112,43.13,4831.03,vested
V01007,P100383,Coca-Cola,SAYE,2026-04-02,205,30.8,6314.69,vested
V00029,P100327,DHL,RSU,2026-04-02,182,169.53,30854.14,vested
V00350,P100439,Siemens,ESPP,2026-04-02,58,27.88,1617.13,vested
V01835,P100013,Unilever,ESPP,2026-04-02,68,41.18,2800.32,vested
V00371,P100038,AstraZeneca,RSU,2026-04-02,8,88.03,704.24,vested
V00667,P100248,Barclays,SAYE,2026-04-02,98,38.24,3747.85,vested
V00563,P100237,Novartis,RSU,2026-04-02,192,66.58,12784.23,vested
V00209,P100152,SAP,RSU,2026-04-02,101,159.4,16099.13,vested
V00631,P100013,Unilever,RSU,2026-04-02,42,122.03,5125.2,vested
V01814,P100317,Siemens,ESPP,2026-04-03,108,47.48,5128.28,vested
V00231,P100184,Novartis,RSU,2026-04-03,142,196.79,27944.35,vested
V00605,P100276,Barclays,ESPP,2026-04-04,193,86.39,16672.77,vested
V00362,P100244,DHL,ESPP,2026-04-04,137,47.37,6490.21,vested
V00162,P100064,Siemens,RSU,2026-04-05,211,104.12,21969.73,vested
V01773,P100255,Novartis,RSU,2026-04-06,103,68.11,7014.99,vested
V00386,P100223,Vodafone,ESPP,2026-04-06,106,82.19,8712.43,vested
V00616,P100251,Unilever,SAYE,2026-04-06,240,17.46,4189.97,vested
V01000,P100476,Coca-Cola,ESPP,2026-04-06,11,21.0,231.02,vested
V00171,P100047,AstraZeneca,RSU,2026-04-06,156,160.77,25079.5,vested
V01122,P100211,DHL,RSU,2026-04-07,220,185.63,40839.26,vested
V01686,P100176,Coca-Cola,SAYE,2026-04-07,171,33.53,5734.24,vested
V00426,P100059,SAP,SAYE,2026-04-07,108,8.84,954.53,vested
V00230,P100253,AstraZeneca,SAYE,2026-04-08,82,8.25,676.87,vested
V00655,P100026,Coca-Cola,RSU,2026-04-08,214,134.97,28882.98,vested
V01702,P100336,SAP,RSU,2026-04-09,206,174.42,35930.49,vested
V01851,P100181,BP,RSU,2026-04-09,187,101.06,18897.97,vested
V01653,P100126,Barclays,RSU,2026-04-09,88,211.49,18610.76,vested
V00729,P100048,Siemens,RSU,2026-04-09,198,179.34,35509.64,vested
V00148,P100221,Coca-Cola,RSU,2026-04-09,74,169.2,12520.67,vested
V01601,P100231,Coca-Cola,ESPP,2026-04-11,216,62.96,13598.39,vested
V00239,P100346,Vodafone,RSU,2026-04-12,227,158.44,35965.16,vested
V01849,P100266,AstraZeneca,RSU,2026-04-12,227,61.62,13987.07,vested
V00716,P100251,Unilever,RSU,2026-04-13,102,93.54,9540.61,vested
V01738,P100432,Siemens,RSU,2026-04-13,198,119.85,23731.19,vested
V00446,P100044,Unilever,RSU,2026-04-14,56,68.33,3826.72,vested
V01474,P100311,Coca-Cola,RSU,2026-04-14,55,116.33,6398.33,vested
V00283,P100318,Barclays,RSU,2026-04-14,239,123.67,29557.63,vested
V01513,P100098,SAP,RSU,2026-04-14,189,64.13,12120.71,vested
V01330,P100260,SAP,SAYE,2026-04-15,32,10.46,334.56,vested
V00402,P100398,Coca-Cola,RSU,2026-04-15,248,80.1,19865.92,vested
V01676,P100260,SAP,RSU,2026-04-16,188,141.11,26527.77,vested
V01164,P100222,Siemens,SAYE,2026-04-16,69,28.78,1985.49,vested
V00540,P100336,SAP,ESPP,2026-04-17,46,56.55,2601.37,vested
V01808,P100041,Unilever,SAYE,2026-04-17,112,30.81,3451.1,vested
V01566,P100352,DHL,ESPP,2026-04-17,13,78.49,1020.38,vested
V01292,P100014,Coca-Cola,SAYE,2026-04-18,171,39.42,6740.04,vested
V00053,P100452,Siemens,RSU,2026-04-18,172,210.5,36205.61,vested
V00057,P100267,SAP,SAYE,2026-04-18,199,26.52,5277.97,vested
V00153,P100007,Novartis,RSU,2026-04-18,246,210.59,51804.59,vested
V00570,P100371,AstraZeneca,RSU,2026-04-18,54,182.53,9856.86,vested
V00406,P100041,Unilever,RSU,2026-04-18,139,118.62,16488.12,vested
V01170,P100336,SAP,RSU,2026-04-19,139,218.79,30412.28,vested
V00109,P100300,Novartis,RSU,2026-04-19,237,161.65,38311.87,vested
V00564,P100243,DHL,RSU,2026-04-20,145,83.24,12070.32,vested
V01253,P100382,Novartis,ESPP,2026-04-20,208,61.96,12887.2,vested
V00819,P100339,BP,SAYE,2026-04-20,172,35.83,6162.61,vested
V01637,P100203,SAP,SAYE,2026-04-21,52,13.75,715.21,vested
V00669,P100382,Novartis,SAYE,2026-04-21,121,30.24,3658.68,vested
V01077,P100338,SAP,RSU,2026-04-22,132,142.02,18746.39,vested
V00504,P100274,Siemens,RSU,2026-04-23,189,118.95,22482.48,vested
V01533,P100476,Coca-Cola,RSU,2026-04-23,206,218.56,45024.34,vested
V00989,P100388,SAP,RSU,2026-04-23,7,214.79,1503.5,vested
V01100,P100276,Barclays,RSU,2026-04-24,179,156.26,27970.92,vested
V01796,P100296,Vodafone,RSU,2026-04-24,112,196.65,22024.67,vested
V01589,P100458,Novartis,SAYE,2026-04-24,176,33.49,5893.52,vested
V00664,P100366,Novartis,RSU,2026-04-25,199,209.2,41629.91,vested
V01485,P100154,SAP,SAYE,2026-04-26,5,11.37,56.87,vested
V00361,P100337,Novartis,RSU,2026-04-27,245,109.09,26727.89,vested
V00964,P100119,Siemens,RSU,2026-04-28,52,188.07,9779.74,vested
V01486,P100358,Coca-Cola,RSU,2026-04-28,120,210.01,25201.2,vested
V01133,P100012,Siemens,RSU,2026-04-30,182,195.58,35594.85,vested
V00569,P100183,Barclays,SAYE,2026-04-30,58,20.72,1201.81,vested
V01210,P100073,AstraZeneca,RSU,2026-05-01,235,121.69,28596.91,vested
V00641,P100465,Siemens,RSU,2026-05-01,184,92.19,16963.46,vested
V00006,P100396,Unilever,ESPP,2026-05-02,59,64.41,3800.26,vested
V00838,P100136,Vodafone,RSU,2026-05-02,105,151.91,15951.06,vested
V01790,P100420,Siemens,SAYE,2026-05-02,211,39.95,8429.28,vested
V00565,P100263,SAP,RSU,2026-05-02,209,83.42,17435.28,vested
V01544,P100352,DHL,SAYE,2026-05-02,236,34.73,8197.12,vested
V00929,P100139,SAP,RSU,2026-05-03,56,202.73,11352.67,vested
V00004,P100156,AstraZeneca,RSU,2026-05-03,220,130.15,28631.93,vested
V00906,P100030,Novartis,RSU,2026-05-03,130,101.14,13148.55,vested
V00132,P100153,DHL,ESPP,2026-05-03,55,48.16,2648.69,vested
V01165,P100337,Novartis,SAYE,2026-05-03,132,14.26,1882.86,vested
V00270,P100095,Siemens,ESPP,2026-05-04,57,15.56,886.88,vested
V00520,P100291,SAP,ESPP,2026-05-04,193,86.82,16756.15,vested
V00224,P100428,SAP,RSU,2026-05-04,47,109.15,5130.15,vested
V00972,P100070,AstraZeneca,RSU,2026-05-05,55,168.93,9291.24,vested
V00842,P100121,Siemens,ESPP,2026-05-05,174,82.3,14319.55,vested
V01316,P100011,BP,ESPP,2026-05-05,249,61.94,15422.62,vested
V01180,P100295,BP,SAYE,2026-05-06,171,33.63,5750.98,vested
V00280,P100233,DHL,RSU,2026-05-06,32,98.52,3152.6,vested
V01194,P100189,AstraZeneca,ESPP,2026-05-06,121,47.27,5719.31,vested
V00135,P100132,DHL,RSU,2026-05-07,238,136.95,32592.98,vested
V01756,P100051,SAP,RSU,2026-05-07,108,177.06,19122.88,vested
V00435,P100157,Siemens,RSU,2026-05-08,167,215.88,36051.18,vested
V00358,P100427,Unilever,ESPP,2026-05-09,120,19.03,2283.97,vested
V00666,P100120,DHL,ESPP,2026-05-09,17,86.3,1467.08,vested
V01187,P100293,SAP,RSU,2026-05-09,71,166.79,11841.99,vested
V01090,P100479,Coca-Cola,ESPP,2026-05-09,63,89.61,5645.72,vested
V00846,P100422,SAP,SAYE,2026-05-09,102,10.13,1033.22,vested
V01085,P100002,Unilever,RSU,2026-05-10,165,202.27,33374.82,vested
V00486,P100402,Novartis,RSU,2026-05-10,125,141.5,17687.8,vested
V00775,P100156,AstraZeneca,ESPP,2026-05-10,221,71.41,15782.14,vested
V00046,P100018,Unilever,RSU,2026-05-10,143,125.38,17928.79,vested
V01333,P100464,DHL,RSU,2026-05-11,136,157.12,21367.7,vested
V01572,P100363,SAP,ESPP,2026-05-11,217,53.19,11542.38,vested
V00494,P100399,Coca-Cola,ESPP,2026-05-11,81,71.38,5781.74,vested
V00016,P100036,SAP,RSU,2026-05-12,40,128.9,5155.9,vested
V00733,P100287,Barclays,SAYE,2026-05-12,154,19.97,3074.84,vested
V00759,P100444,AstraZeneca,RSU,2026-05-13,125,151.23,18903.86,vested
V01104,P100452,Siemens,RSU,2026-05-13,233,167.68,39070.42,vested
V00803,P100005,Vodafone,RSU,2026-05-15,92,87.95,8091.35,vested
V00648,P100478,Siemens,RSU,2026-05-16,40,96.24,3849.64,vested
V00999,P100079,Novartis,RSU,2026-05-16,158,68.51,10823.91,vested
V00671,P100402,Novartis,ESPP,2026-05-16,67,48.22,3230.64,vested
V01307,P100296,Vodafone,RSU,2026-05-16,242,96.19,23278.31,vested
V01816,P100063,Novartis,SAYE,2026-05-17,19,24.41,463.83,vested
V00024,P100306,Barclays,ESPP,2026-05-17,31,87.52,2713.15,vested
V00623,P100173,BP,RSU,2026-05-18,200,90.23,18046.26,vested
V01610,P100169,Vodafone,RSU,2026-05-18,140,200.99,28138.1,vested
V01894,P100067,Barclays,RSU,2026-05-19,160,143.35,22935.55,vested
V01503,P100353,DHL,RSU,2026-05-19,64,172.71,11053.35,vested
V01142,P100045,Unilever,ESPP,2026-05-19,195,25.38,4948.67,vested
V00954,P100234,BP,RSU,2026-05-20,249,76.66,19089.06,vested
V00484,P100344,Novartis,RSU,2026-05-20,48,133.72,6418.65,vested
V00660,P100447,DHL,RSU,2026-05-20,160,121.57,19450.74,vested
V00507,P100355,DHL,RSU,2026-05-21,148,199.18,29478.21,vested
V00927,P100416,SAP,RSU,2026-05-22,216,91.24,19708.78,vested
V01102,P100470,Barclays,ESPP,2026-05-22,190,63.45,12055.67,vested
V00914,P100212,AstraZeneca,SAYE,2026-05-23,126,27.09,3413.08,vested
V01138,P100375,SAP,SAYE,2026-05-24,60,27.58,1654.77,vested
V00858,P100469,Coca-Cola,SAYE,2026-05-24,158,30.41,4804.29,vested
V00679,P100356,Novartis,RSU,2026-05-24,106,84.89,8998.06,vested
V00295,P100456,Vodafone,RSU,2026-05-25,236,103.95,24532.13,vested
V00762,P100009,Coca-Cola,RSU,2026-05-25,105,128.71,13514.31,vested
V00931,P100478,Siemens,RSU,2026-05-26,15,76.89,1153.36,vested
V01171,P100473,SAP,RSU,2026-05-26,112,99.64,11160.21,vested
V00653,P100286,SAP,RSU,2026-05-26,128,90.2,11545.24,vested
V01484,P100080,Siemens,ESPP,2026-05-27,62,27.53,1706.73,vested
V01408,P100201,Vodafone,RSU,2026-05-27,149,115.31,17181.42,vested
V00000,P100201,Vodafone,RSU,2026-05-27,234,140.27,32822.22,vested
V00091,P100237,Novartis,RSU,2026-05-27,58,177.02,10267.13,vested
V00463,P100154,SAP,RSU,2026-05-27,189,76.47,14452.64,vested
V00701,P100035,AstraZeneca,ESPP,2026-05-27,133,23.3,3099.18,vested
V00138,P100034,Coca-Cola,RSU,2026-05-28,204,202.21,41250.03,vested
V00421,P100326,Unilever,RSU,2026-05-28,59,121.59,7173.57,vested
V00370,P100377,Coca-Cola,RSU,2026-05-28,64,107.94,6908.38,vested
V01774,P100130,AstraZeneca,RSU,2026-05-29,46,131.79,6062.33,vested
V01120,P100121,Siemens,ESPP,2026-05-29,13,38.37,498.77,vested
V01459,P100107,AstraZeneca,RSU,2026-05-29,94,129.82,12202.84,vested
V01329,P100350,DHL,RSU,2026-05-29,126,176.68,22261.5,vested
V01539,P100445,Siemens,ESPP,2026-05-30,23,87.39,2009.88,vested
V00879,P100004,SAP,RSU,2026-05-30,201,150.03,30156.53,vested
V00453,P100204,SAP,SAYE,2026-05-31,81,41.71,3378.22,vested
V00625,P100119,Siemens,RSU,2026-05-31,222,184.66,40993.76,vested
V00082,P100143,DHL,RSU,2026-05-31,129,103.99,13414.59,vested
V01397,P100132,DHL,RSU,2026-06-01,190,66.9,12711.49,vested
V00213,P100399,Coca-Cola,RSU,2026-06-01,132,199.65,26353.65,vested
V00304,P100037,Coca-Cola,SAYE,2026-06-02,36,42.11,1516.0,vested
V00603,P100084,SAP,RSU,2026-06-02,207,204.03,42234.16,vested
V00035,P100428,SAP,SAYE,2026-06-02,85,14.71,1250.67,vested
V00219,P100188,Novartis,RSU,2026-06-02,110,206.24,22686.48,vested
V01812,P100449,DHL,SAYE,2026-06-03,213,31.87,6788.71,vested
V01391,P100184,Novartis,RSU,2026-06-03,102,175.35,17886.1,vested
V01770,P100433,Unilever,ESPP,2026-06-03,98,35.56,3484.4,vested
V01245,P100075,AstraZeneca,RSU,2026-06-03,208,139.79,29075.67,vested
V01353,P100308,AstraZeneca,RSU,2026-06-04,195,212.33,41403.97,vested
V00152,P100067,Barclays,RSU,2026-06-04,146,121.98,17809.5,vested
V01394,P100128,SAP,ESPP,2026-06-04,215,46.69,10038.09,vested
V00242,P100032,Barclays,ESPP,2026-06-04,198,72.51,14357.89,vested
V00139,P100277,Coca-Cola,RSU,2026-06-04,107,186.78,19985.81,vested
V01267,P100069,Coca-Cola,RSU,2026-06-04,228,78.69,17940.57,vested
V01370,P100349,SAP,ESPP,2026-06-04,8,36.56,292.5,vested
V00825,P100145,AstraZeneca,RSU,2026-06-05,86,212.09,18240.1,vested
V01221,P100412,SAP,SAYE,2026-06-07,79,27.95,2208.17,vested
V00994,P100414,SAP,RSU,2026-06-07,49,73.75,3613.53,vested
V00588,P100205,AstraZeneca,ESPP,2026-06-07,81,64.96,5262.04,vested
V01564,P100409,Vodafone,RSU,2026-06-07,242,155.61,37658.11,vested
V01697,P100298,Novartis,RSU,2026-06-08,145,175.81,25492.15,vested
V00155,P100286,SAP,SAYE,2026-06-08,213,38.15,8126.24,vested
V01845,P100077,Siemens,RSU,2026-06-08,89,76.9,6843.81,vested
V00643,P100463,Barclays,SAYE,2026-06-08,158,13.42,2120.67,vested
V01732,P100274,Siemens,ESPP,2026-06-09,14,78.69,1101.61,vested
V00271,P100266,AstraZeneca,SAYE,2026-06-09,221,39.51,8731.88,vested
V01339,P100204,SAP,RSU,2026-06-09,242,82.34,19925.42,vested
V01558,P100202,Coca-Cola,RSU,2026-06-09,50,138.2,6909.92,vested
V01626,P100391,SAP,RSU,2026-06-09,230,104.12,23946.47,vested
V00436,P100347,AstraZeneca,SAYE,2026-06-10,152,24.39,3707.72,vested
V01777,P100053,Siemens,SAYE,2026-06-11,133,29.72,3952.95,vested
V01495,P100276,Barclays,ESPP,2026-06-11,182,83.98,15284.96,vested
V01351,P100432,Siemens,ESPP,2026-06-11,73,43.7,3190.04,vested
V01844,P100273,DHL,RSU,2026-06-11,35,177.15,6200.09,vested
V01364,P100303,Coca-Cola,ESPP,2026-06-12,56,19.97,1118.51,vested
V00096,P100280,SAP,RSU,2026-06-12,169,134.09,22660.79,vested
V00828,P100119,Siemens,ESPP,2026-06-13,206,51.71,10653.22,vested
V00552,P100009,Coca-Cola,RSU,2026-06-13,77,115.51,8894.55,vested
V01634,P100211,DHL,RSU,2026-06-13,218,156.18,34047.1,vested
V00369,P100288,DHL,ESPP,2026-06-14,63,88.24,5559.34,vested
V01540,P100447,DHL,ESPP,2026-06-14,171,30.33,5186.71,vested
V00777,P100244,DHL,ESPP,2026-06-15,47,60.5,2843.54,vested
V00574,P100442,Novartis,ESPP,2026-06-16,41,41.84,1715.27,vested
V00149,P100047,AstraZeneca,RSU,2026-06-16,243,94.67,23005.77,vested
V00499,P100177,Vodafone,SAYE,2026-06-16,201,15.18,3050.78,vested
V01288,P100163,SAP,RSU,2026-06-17,85,102.59,8719.8,vested
V01642,P100126,Barclays,RSU,2026-06-17,42,60.39,2536.2,vested
V01646,P100081,Barclays,RSU,2026-06-18,135,213.95,28883.82,vested
V01041,P100124,SAP,ESPP,2026-06-18,29,60.39,1751.41,vested
V01150,P100281,AstraZeneca,RSU,2026-06-19,130,213.79,27792.39,vested
V00555,P100270,SAP,ESPP,2026-06-19,156,44.7,6973.89,vested
V01004,P100082,Unilever,RSU,2026-06-19,62,135.2,8382.3,vested
V00303,P100137,Coca-Cola,RSU,2026-06-19,36,83.19,2994.71,vested
V00420,P100252,Coca-Cola,RSU,2026-06-19,224,165.26,37018.84,vested
V00329,P100275,Barclays,RSU,2026-06-19,23,106.48,2448.93,vested
V01448,P100252,Coca-Cola,ESPP,2026-06-20,127,17.35,2204.01,vested
V00355,P100305,Coca-Cola,RSU,2026-06-20,119,208.22,24778.5,vested
V01850,P100462,Vodafone,SAYE,2026-06-20,98,34.46,3377.33,vested
V01087,P100471,Coca-Cola,RSU,2026-06-21,17,95.12,1616.97,vested
V00773,P100183,Barclays,RSU,2026-06-21,33,115.48,3810.85,vested
V01748,P100123,Coca-Cola,SAYE,2026-06-21,194,29.78,5778.11,vested
V01069,P100382,Novartis,SAYE,2026-06-23,183,37.3,6825.48,vested
V01297,P100060,Siemens,RSU,2026-06-24,16,151.28,2420.44,vested
V00839,P100458,Novartis,RSU,2026-06-24,67,136.0,9111.97,vested
V00841,P100388,SAP,ESPP,2026-06-25,244,20.05,4891.66,vested
V01854,P100288,DHL,RSU,2026-06-25,50,217.65,10882.37,vested
V01755,P100394,SAP,RSU,2026-06-26,116,135.11,15672.9,vested
V01299,P100189,AstraZeneca,RSU,2026-06-26,207,201.89,41791.01,vested
V01252,P100167,Unilever,RSU,2026-06-26,202,61.62,12447.65,vested
V00645,P100131,BP,ESPP,2026-06-26,109,69.7,7597.44,vested
V00796,P100453,AstraZeneca,SAYE,2026-06-27,136,19.2,2611.46,vested
V01404,P100342,Unilever,RSU,2026-06-27,215,202.65,43570.21,vested
V00740,P100389,Unilever,SAYE,2026-06-28,49,14.33,702.39,vested
V01078,P100376,BP,RSU,2026-06-28,113,135.74,15338.37,vested
V00003,P100424,DHL,RSU,2026-06-28,38,141.17,5364.53,vested
V01013,P100344,Novartis,ESPP,2026-06-28,234,54.53,12759.24,vested
V01340,P100281,AstraZeneca,SAYE,2026-06-28,114,28.46,3243.97,vested
V00086,P100028,SAP,RSU,2026-06-28,212,82.06,17397.55,vested
V01698,P100014,Coca-Cola,RSU,2026-06-28,115,141.67,16292.05,vested
V00397,P100103,Vodafone,RSU,2026-06-29,44,154.32,6790.3,vested
V01033,P100055,Novartis,RSU,2026-06-30,19,78.27,1487.12,vested
V00995,P100458,Novartis,ESPP,2026-06-30,89,60.71,5403.34,vested
V00920,P100366,Novartis,RSU,2026-07-01,129,198.81,25646.88,vested
V00071,P100134,DHL,RSU,2026-07-01,129,107.9,13919.0,vested
V01183,P100246,DHL,SAYE,2026-07-01,187,38.2,7142.7,vested
V01823,P100455,AstraZeneca,RSU,2026-07-02,138,88.49,12211.31,vested
V01630,P100214,Novartis,SAYE,2026-07-02,160,13.06,2088.98,vested
V01160,P100457,Coca-Cola,RSU,2026-07-02,136,134.52,18294.75,vested
V00214,P100172,AstraZeneca,RSU,2026-07-02,230,153.15,35223.75,vested
V00644,P100274,Siemens,RSU,2026-07-02,17,148.44,2523.48,vested
V00157,P100380,DHL,SAYE,2026-07-02,232,32.71,7589.46,vested
V01703,P100261,Unilever,SAYE,2026-07-03,229,17.86,4090.95,vested
V01435,P100459,Siemens,ESPP,2026-07-03,171,46.17,7895.0,vested
V01204,P100446,Vodafone,RSU,2026-07-03,179,171.1,30627.13,vested
V01568,P100344,Novartis,SAYE,2026-07-04,103,22.91,2360.02,vested
V00236,P100096,Barclays,RSU,2026-07-04,29,86.94,2521.33,vested
V00600,P100139,SAP,RSU,2026-07-04,82,163.14,13377.22,vested
V01893,P100373,Barclays,RSU,2026-07-04,106,144.02,15265.61,vested
V00225,P100223,Vodafone,RSU,2026-07-05,89,113.25,10079.15,vested
V01891,P100473,SAP,RSU,2026-07-06,138,218.28,30122.31,vested
V00881,P100162,AstraZeneca,RSU,2026-07-06,88,187.52,16501.36,vested
V01680,P100036,SAP,ESPP,2026-07-06,54,52.12,2814.33,vested
V01859,P100210,Siemens,ESPP,2026-07-07,161,35.02,5638.68,vested
V00939,P100146,Barclays,RSU,2026-07-07,176,68.59,12072.62,vested
V01695,P100407,Unilever,RSU,2026-07-07,31,179.48,5563.78,vested
V01635,P100131,BP,RSU,2026-07-08,86,181.44,15603.64,vested
V00814,P100250,Siemens,RSU,2026-07-08,87,112.16,9757.8,vested
V01159,P100406,AstraZeneca,RSU,2026-07-08,147,106.86,15709.07,vested
V01579,P100234,BP,RSU,2026-07-09,102,174.21,17769.37,vested
V00119,P100215,Novartis,RSU,2026-07-09,119,118.15,14060.43,vested
V01826,P100103,Vodafone,RSU,2026-07-09,241,60.56,14594.77,vested
V00461,P100298,Novartis,RSU,2026-07-09,113,149.74,16920.38,vested
V00514,P100022,Vodafone,SAYE,2026-07-10,185,22.13,4093.94,vested
V01745,P100187,SAP,RSU,2026-07-10,191,66.52,12704.81,vested
V00296,P100326,Unilever,ESPP,2026-07-10,168,56.2,9440.8,vested
V00657,P100002,Unilever,RSU,2026-07-11,178,213.59,38019.16,vested
V01222,P100284,DHL,RSU,2026-07-11,162,192.38,31166.02,vested
V00724,P100387,Vodafone,RSU,2026-07-11,78,201.41,15710.29,vested
V01896,P100190,BP,ESPP,2026-07-11,104,59.98,6238.28,vested
V00322,P100471,Coca-Cola,RSU,2026-07-12,145,126.67,18367.46,vested
V00126,P100033,Barclays,SAYE,2026-07-12,205,12.04,2467.18,vested
V01666,P100043,Barclays,ESPP,2026-07-12,111,23.58,2617.82,vested
V01532,P100331,AstraZeneca,RSU,2026-07-12,80,205.25,16419.87,vested
V00284,P100141,Coca-Cola,RSU,2026-07-13,159,99.33,15792.76,vested
V01476,P100289,SAP,RSU,2026-07-13,35,127.32,4456.19,vested
V00416,P100229,SAP,RSU,2026-07-13,241,90.74,21867.92,vested
V00470,P100049,SAP,SAYE,2026-07-13,133,37.61,5002.02,vested
V01070,P100147,DHL,RSU,2026-07-14,89,167.35,14894.18,vested
V01522,P100254,AstraZeneca,SAYE,2026-07-14,26,22.41,582.74,vested
V00924,P100140,Coca-Cola,ESPP,2026-07-15,36,46.54,1675.53,vested
V00925,P100458,Novartis,ESPP,2026-07-15,202,16.14,3260.13,vested
V00259,P100406,AstraZeneca,RSU,2026-07-15,27,129.99,3509.76,vested
V00083,P100299,Siemens,RSU,2026-07-16,73,128.65,9391.6,vested
V01095,P100019,Siemens,ESPP,2026-07-17,81,76.56,6201.23,vested
V00586,P100424,DHL,RSU,2026-07-17,120,175.75,21089.46,vested
V00353,P100026,Coca-Cola,RSU,2026-07-18,58,209.77,12166.52,vested
V00099,P100075,AstraZeneca,ESPP,2026-07-18,24,35.9,861.68,vested
V01211,P100026,Coca-Cola,RSU,2026-07-18,194,67.49,13092.83,vested
V00809,P100180,BP,RSU,2026-07-19,144,200.68,28897.65,vested
V00661,P100061,Coca-Cola,RSU,2026-07-19,100,138.31,13830.88,vested
V00268,P100068,SAP,RSU,2026-07-19,208,154.72,32181.86,vested
V00544,P100459,Siemens,ESPP,2026-07-20,76,15.92,1209.86,vested
V00795,P100067,Barclays,RSU,2026-07-20,20,200.64,4012.81,vested
V01710,P100373,Barclays,ESPP,2026-07-20,30,45.11,1353.42,vested
V01371,P100257,SAP,RSU,2026-07-20,92,162.59,14958.31,vested
V00156,P100105,Novartis,RSU,2026-07-21,208,179.81,37400.96,vested
V00433,P100012,Siemens,RSU,2026-07-21,164,167.99,27550.09,vested
V00033,P100209,Coca-Cola,RSU,2026-07-21,71,212.86,15113.14,vested
V00488,P100034,Coca-Cola,RSU,2026-07-21,165,76.47,12617.59,vested
V00723,P100470,Barclays,ESPP,2026-07-22,178,42.46,7558.19,vested
V01169,P100223,Vodafone,RSU,2026-07-23,93,67.35,6263.54,vested
V01639,P100436,SAP,SAYE,2026-07-23,69,38.11,2629.32,vested
V00047,P100395,Coca-Cola,RSU,2026-07-24,120,155.15,18618.29,vested
V00606,P100209,Coca-Cola,RSU,2026-07-24,154,128.46,19782.25,vested
V01741,P100053,Siemens,RSU,2026-07-24,236,112.32,26507.11,vested
V01218,P100326,Unilever,ESPP,2026-07-24,171,27.02,4620.49,vested
V01055,P100155,Siemens,RSU,2026-07-24,11,187.01,2057.09,vested
V01365,P100421,SAP,ESPP,2026-07-24,249,38.84,9670.66,vested
V00533,P100125,Coca-Cola,RSU,2026-07-25,164,166.91,27372.69,vested
V00628,P100141,Coca-Cola,RSU,2026-07-25,108,132.88,14351.57,vested
V01202,P100235,Unilever,ESPP,2026-07-26,163,52.32,8527.67,vested
V00474,P100280,SAP,RSU,2026-07-27,88,174.0,15311.74,vested
V01715,P100322,Barclays,RSU,2026-07-27,88,67.27,5919.67,vested
V00992,P100181,BP,RSU,2026-07-27,100,181.55,18154.76,vested
V00105,P100149,SAP,RSU,2026-07-27,170,78.44,13335.36,vested
V00542,P100198,AstraZeneca,ESPP,2026-07-28,87,69.45,6041.9,vested
V01489,P100260,SAP,ESPP,2026-07-28,66,43.4,2864.25,vested
V01530,P100234,BP,RSU,2026-07-28,211,175.15,36956.66,vested
V00538,P100023,BP,RSU,2026-07-29,233,101.97,23758.21,vested
V01059,P100316,Barclays,RSU,2026-07-29,203,125.61,25498.44,vested
V00318,P100012,Siemens,RSU,2026-07-30,22,116.0,2552.0,vested
V01577,P100226,SAP,ESPP,2026-07-30,86,40.27,3463.31,vested
V00535,P100437,Coca-Cola,RSU,2026-07-30,145,153.36,22237.05,vested
V01039,P100156,AstraZeneca,SAYE,2026-07-31,230,22.66,5211.21,vested
V01217,P100438,Novartis,RSU,2026-07-31,5,115.19,575.96,vested
V01135,P100153,DHL,SAYE,2026-07-31,52,36.75,1911.24,vested
V01341,P100101,Siemens,RSU,2026-08-01,117,91.64,10722.2,upcoming
V00848,P100450,SAP,ESPP,2026-08-01,178,47.19,8399.18,upcoming
V00257,P100363,SAP,RSU,2026-08-02,126,137.87,17372.07,upcoming
V01506,P100076,Barclays,ESPP,2026-08-02,219,20.6,4510.79,upcoming
V00765,P100040,Coca-Cola,RSU,2026-08-03,140,206.44,28901.51,upcoming
V01151,P100375,SAP,RSU,2026-08-03,229,76.77,17579.79,upcoming
V01735,P100370,Novartis,ESPP,2026-08-03,37,15.92,588.98,upcoming
V00011,P100343,DHL,RSU,2026-08-03,100,123.57,12357.34,upcoming
V00923,P100003,Siemens,ESPP,2026-08-04,122,58.8,7174.04,upcoming
V00495,P100388,SAP,RSU,2026-08-06,238,200.13,47631.1,upcoming
V01037,P100442,Novartis,ESPP,2026-08-07,210,83.04,17439.37,upcoming
V00235,P100263,SAP,SAYE,2026-08-09,208,16.27,3384.4,upcoming
V01094,P100022,Vodafone,RSU,2026-08-09,131,66.93,8768.45,upcoming
V00377,P100096,Barclays,ESPP,2026-08-10,88,17.99,1583.24,upcoming
V00818,P100007,Novartis,RSU,2026-08-11,67,196.11,13139.4,upcoming
V01788,P100305,Coca-Cola,RSU,2026-08-11,68,175.46,11931.24,upcoming
V01220,P100127,SAP,RSU,2026-08-11,75,140.14,10510.42,upcoming
V01723,P100168,Barclays,RSU,2026-08-11,80,177.59,14207.05,upcoming
V01739,P100082,Unilever,SAYE,2026-08-12,219,29.7,6503.48,upcoming
V00619,P100272,SAP,ESPP,2026-08-12,123,77.18,9492.88,upcoming
V01056,P100145,AstraZeneca,RSU,2026-08-13,199,108.04,21499.9,upcoming
V01219,P100171,Coca-Cola,SAYE,2026-08-13,130,32.64,4243.05,upcoming
V00721,P100473,SAP,RSU,2026-08-14,240,60.05,14412.07,upcoming
V00743,P100109,BP,ESPP,2026-08-14,36,61.95,2230.33,upcoming
V01529,P100359,DHL,RSU,2026-08-14,212,202.52,42935.23,upcoming
V01195,P100435,AstraZeneca,ESPP,2026-08-15,97,63.08,6118.74,upcoming
V00090,P100427,Unilever,SAYE,2026-08-15,69,15.46,1066.91,upcoming
V01027,P100311,Coca-Cola,RSU,2026-08-15,19,190.35,3616.59,upcoming
V01717,P100174,AstraZeneca,ESPP,2026-08-16,219,46.77,10243.1,upcoming
V00617,P100286,SAP,SAYE,2026-08-16,82,34.7,2845.27,upcoming
V00676,P100426,AstraZeneca,RSU,2026-08-17,197,192.8,37981.18,upcoming
V01785,P100143,DHL,RSU,2026-08-17,88,195.33,17188.66,upcoming
V00333,P100007,Novartis,RSU,2026-08-18,18,118.3,2129.35,upcoming
V01453,P100263,SAP,RSU,2026-08-19,168,155.79,26172.73,upcoming
V00429,P100108,SAP,RSU,2026-08-20,200,151.6,30319.67,upcoming
V01208,P100363,SAP,RSU,2026-08-20,158,159.34,25175.43,upcoming
V01841,P100124,SAP,RSU,2026-08-21,82,78.3,6420.87,upcoming
V01455,P100061,Coca-Cola,RSU,2026-08-21,217,84.86,18415.48,upcoming
V01456,P100229,SAP,ESPP,2026-08-21,177,55.0,9735.73,upcoming
V00764,P100194,SAP,RSU,2026-08-21,248,105.07,26057.88,upcoming
V01091,P100193,Unilever,RSU,2026-08-21,174,198.18,34482.63,upcoming
V00794,P100427,Unilever,ESPP,2026-08-22,171,64.66,11056.28,upcoming
V00330,P100178,BP,RSU,2026-08-22,158,125.96,19901.19,upcoming
V01031,P100002,Unilever,RSU,2026-08-23,139,170.51,23701.28,upcoming
V00980,P100100,BP,RSU,2026-08-23,205,175.13,35902.06,upcoming
V00145,P100409,Vodafone,RSU,2026-08-24,179,151.55,27126.76,upcoming
V00392,P100381,BP,RSU,2026-08-25,21,135.83,2852.42,upcoming
V00822,P100375,SAP,RSU,2026-08-26,80,111.89,8951.55,upcoming
V01390,P100427,Unilever,SAYE,2026-08-27,117,37.77,4419.58,upcoming
V01038,P100281,AstraZeneca,SAYE,2026-08-27,61,32.4,1976.7,upcoming
V01744,P100103,Vodafone,RSU,2026-08-27,88,183.68,16163.78,upcoming
V00890,P100172,AstraZeneca,SAYE,2026-08-27,170,40.69,6916.47,upcoming
V01736,P100343,DHL,RSU,2026-08-28,177,130.72,23136.79,upcoming
V00955,P100111,AstraZeneca,RSU,2026-08-29,58,91.73,5320.21,upcoming
V01733,P100374,SAP,RSU,2026-08-29,32,85.67,2741.58,upcoming
V00343,P100296,Vodafone,RSU,2026-08-30,113,158.3,17888.41,upcoming
V01500,P100389,Unilever,ESPP,2026-08-30,163,81.37,13263.09,upcoming
V01888,P100208,SAP,RSU,2026-08-31,204,206.66,42159.13,upcoming
V01323,P100017,SAP,RSU,2026-08-31,73,73.33,5352.82,upcoming
V01029,P100172,AstraZeneca,RSU,2026-09-01,54,134.08,7240.55,upcoming
V00212,P100011,BP,RSU,2026-09-01,103,110.73,11404.84,upcoming
V00793,P100411,Siemens,ESPP,2026-09-02,51,28.21,1438.57,upcoming
V00556,P100310,Coca-Cola,ESPP,2026-09-02,42,18.0,756.1,upcoming
V00511,P100425,Unilever,RSU,2026-09-03,198,200.04,39607.66,upcoming
V00856,P100055,Novartis,RSU,2026-09-03,118,130.47,15395.74,upcoming
V01631,P100250,Siemens,RSU,2026-09-03,157,160.16,25145.65,upcoming
V00811,P100388,SAP,ESPP,2026-09-03,50,16.41,820.31,upcoming
V01471,P100431,Novartis,SAYE,2026-09-04,72,26.13,1881.19,upcoming
V01416,P100210,Siemens,RSU,2026-09-04,156,173.08,27001.19,upcoming
V01548,P100422,SAP,RSU,2026-09-05,170,115.9,19703.58,upcoming
V00568,P100461,SAP,RSU,2026-09-05,42,130.04,5461.8,upcoming
V00597,P100175,SAP,SAYE,2026-09-06,229,23.42,5362.44,upcoming
V01807,P100211,DHL,ESPP,2026-09-06,225,52.63,11841.46,upcoming
V01344,P100207,Siemens,RSU,2026-09-06,217,128.74,27936.72,upcoming
V00108,P100018,Unilever,RSU,2026-09-06,59,130.8,7717.46,upcoming
V00688,P100001,Coca-Cola,SAYE,2026-09-06,180,27.88,5019.07,upcoming
V01852,P100012,Siemens,RSU,2026-09-07,190,141.52,26888.76,upcoming
V01618,P100132,DHL,ESPP,2026-09-07,162,36.85,5970.39,upcoming
V01439,P100168,Barclays,RSU,2026-09-07,139,218.36,30352.47,upcoming
V01817,P100434,SAP,RSU,2026-09-08,129,181.22,23377.16,upcoming
V00036,P100311,Coca-Cola,RSU,2026-09-08,201,90.01,18091.01,upcoming
V01725,P100221,Coca-Cola,RSU,2026-09-08,13,202.16,2628.09,upcoming
V01123,P100095,Siemens,RSU,2026-09-08,34,213.57,7261.39,upcoming
V00490,P100310,Coca-Cola,RSU,2026-09-09,82,136.69,11208.48,upcoming
V01575,P100177,Vodafone,ESPP,2026-09-10,49,43.43,2128.0,upcoming
V00037,P100017,SAP,SAYE,2026-09-10,234,25.73,6021.03,upcoming
V00618,P100388,SAP,ESPP,2026-09-10,132,31.23,4122.36,upcoming
V00127,P100062,DHL,RSU,2026-09-10,34,171.21,5821.01,upcoming
V01028,P100401,BP,RSU,2026-09-10,205,189.88,38926.19,upcoming
V00070,P100012,Siemens,SAYE,2026-09-10,222,29.96,6651.94,upcoming
V01557,P100107,AstraZeneca,RSU,2026-09-10,162,173.04,28032.21,upcoming
V00672,P100416,SAP,RSU,2026-09-11,19,165.29,3140.42,upcoming
V01856,P100355,DHL,RSU,2026-09-11,90,125.91,11331.73,upcoming
V01096,P100430,BP,RSU,2026-09-11,176,153.03,26932.42,upcoming
V00686,P100090,SAP,RSU,2026-09-11,120,192.26,23071.66,upcoming
V00845,P100381,BP,ESPP,2026-09-12,184,56.74,10440.47,upcoming
V00389,P100066,DHL,ESPP,2026-09-12,136,35.76,4863.39,upcoming
V00873,P100229,SAP,RSU,2026-09-13,214,71.38,15275.48,upcoming
V00975,P100366,Novartis,RSU,2026-09-14,149,212.37,31642.76,upcoming
V00001,P100159,Novartis,RSU,2026-09-14,144,140.6,20246.55,upcoming
V00745,P100100,BP,SAYE,2026-09-14,176,21.41,3768.72,upcoming
V01424,P100419,BP,RSU,2026-09-15,239,91.75,21927.61,upcoming
V01758,P100096,Barclays,RSU,2026-09-16,194,93.7,18177.15,upcoming
V00415,P100020,Novartis,SAYE,2026-09-16,115,9.79,1126.34,upcoming
V00430,P100201,Vodafone,RSU,2026-09-16,67,157.35,10542.23,upcoming
V01546,P100306,Barclays,SAYE,2026-09-16,187,33.64,6291.54,upcoming
V01190,P100293,SAP,SAYE,2026-09-16,226,20.84,4709.87,upcoming
V01378,P100153,DHL,RSU,2026-09-16,27,89.31,2411.34,upcoming
V00218,P100128,SAP,RSU,2026-09-16,194,189.9,36840.8,upcoming
V01716,P100437,Coca-Cola,SAYE,2026-09-17,100,37.24,3724.16,upcoming
V00900,P100447,DHL,RSU,2026-09-17,147,126.96,18663.84,upcoming
V01003,P100215,Novartis,ESPP,2026-09-17,200,84.89,16977.36,upcoming
V01420,P100238,SAP,SAYE,2026-09-18,184,9.36,1721.94,upcoming
V00197,P100198,AstraZeneca,SAYE,2026-09-18,139,16.99,2361.68,upcoming
V00915,P100331,AstraZeneca,ESPP,2026-09-19,204,82.78,16888.0,upcoming
V00216,P100233,DHL,RSU,2026-09-20,99,134.42,13307.21,upcoming
V00233,P100189,AstraZeneca,ESPP,2026-09-20,136,41.65,5664.67,upcoming
V01711,P100245,Unilever,RSU,2026-09-21,105,157.15,16501.09,upcoming
V00198,P100430,BP,RSU,2026-09-21,174,117.74,20487.53,upcoming
V00422,P100181,BP,ESPP,2026-09-21,245,15.24,3733.94,upcoming
V00854,P100102,AstraZeneca,RSU,2026-09-21,202,160.34,32388.71,upcoming
V00913,P100183,Barclays,SAYE,2026-09-21,108,28.32,3058.37,upcoming
V01837,P100008,SAP,SAYE,2026-09-22,153,17.89,2737.65,upcoming
V01556,P100046,Barclays,RSU,2026-09-22,22,145.04,3190.88,upcoming
V01145,P100094,Barclays,RSU,2026-09-24,60,201.02,12061.33,upcoming
V00483,P100253,AstraZeneca,RSU,2026-09-25,168,101.81,17103.7,upcoming
V00076,P100238,SAP,RSU,2026-09-26,131,71.79,9404.66,upcoming
V00331,P100267,SAP,RSU,2026-09-26,54,181.42,9796.59,upcoming
V01225,P100010,Barclays,ESPP,2026-09-26,155,42.46,6581.98,upcoming
V00414,P100334,SAP,RSU,2026-09-27,204,87.9,17932.15,upcoming
V01865,P100394,SAP,RSU,2026-09-27,195,205.57,40085.52,upcoming
V01677,P100317,Siemens,RSU,2026-09-28,80,110.27,8821.73,upcoming
V00017,P100092,Coca-Cola,ESPP,2026-09-28,173,21.14,3657.91,upcoming
V00665,P100435,AstraZeneca,RSU,2026-09-28,13,163.36,2123.66,upcoming
V00110,P100183,Barclays,ESPP,2026-09-29,140,47.51,6650.91,upcoming
V01740,P100335,DHL,RSU,2026-09-30,180,206.37,37147.46,upcoming
V01255,P100056,Coca-Cola,ESPP,2026-09-30,62,19.4,1202.8,upcoming
V00054,P100385,Vodafone,ESPP,2026-10-01,246,47.1,11587.12,upcoming
V01690,P100304,Unilever,RSU,2026-10-02,198,107.25,21235.53,upcoming
V01839,P100176,Coca-Cola,RSU,2026-10-02,105,123.05,12919.98,upcoming
V00505,P100319,Vodafone,RSU,2026-10-03,44,67.96,2990.16,upcoming
V01294,P100389,Unilever,SAYE,2026-10-03,169,9.02,1524.98,upcoming
V00141,P100386,Novartis,RSU,2026-10-03,180,106.16,19108.59,upcoming
V00713,P100183,Barclays,SAYE,2026-10-04,9,15.69,141.17,upcoming
V00683,P100432,Siemens,RSU,2026-10-04,136,178.2,24235.4,upcoming
V01112,P100437,Coca-Cola,RSU,2026-10-04,99,79.11,7831.82,upcoming
V00962,P100161,BP,RSU,2026-10-04,68,70.97,4825.93,upcoming
V00515,P100313,Barclays,ESPP,2026-10-05,175,71.74,12553.65,upcoming
V01527,P100238,SAP,RSU,2026-10-05,94,214.97,20207.06,upcoming
V00767,P100111,AstraZeneca,ESPP,2026-10-05,209,29.86,6241.46,upcoming
V01338,P100304,Unilever,SAYE,2026-10-05,108,31.62,3414.83,upcoming
V00735,P100120,DHL,SAYE,2026-10-06,246,17.27,4248.13,upcoming
V00481,P100172,AstraZeneca,ESPP,2026-10-07,237,37.0,8767.94,upcoming
V00726,P100444,AstraZeneca,RSU,2026-10-08,67,200.88,13459.23,upcoming
V00659,P100027,SAP,SAYE,2026-10-08,199,21.08,4194.14,upcoming
V00971,P100347,AstraZeneca,RSU,2026-10-08,103,201.82,20787.88,upcoming
V01223,P100440,Unilever,RSU,2026-10-08,49,113.85,5578.5,upcoming
V00877,P100112,Barclays,RSU,2026-10-08,52,173.82,9038.9,upcoming
V00936,P100405,BP,RSU,2026-10-08,224,79.82,17880.24,upcoming
V01673,P100159,Novartis,ESPP,2026-10-09,230,83.75,19262.38,upcoming
V00382,P100400,Barclays,RSU,2026-10-09,70,111.04,7772.46,upcoming
V00278,P100456,Vodafone,RSU,2026-10-10,214,201.52,43125.79,upcoming
V01763,P100184,Novartis,RSU,2026-10-10,64,95.13,6088.55,upcoming
V01315,P100465,Siemens,ESPP,2026-10-10,166,54.26,9007.16,upcoming
V01314,P100012,Siemens,RSU,2026-10-11,93,189.74,17645.81,upcoming
V00816,P100168,Barclays,ESPP,2026-10-13,51,88.67,4522.03,upcoming
V00326,P100222,Siemens,RSU,2026-10-14,180,185.43,33377.08,upcoming
V01842,P100328,Siemens,RSU,2026-10-14,103,103.47,10657.55,upcoming
V00640,P100300,Novartis,RSU,2026-10-15,161,169.09,27223.6,upcoming
V00609,P100046,Barclays,RSU,2026-10-15,193,110.51,21328.72,upcoming
V00705,P100002,Unilever,RSU,2026-10-16,215,189.56,40756.06,upcoming
V01591,P100258,SAP,RSU,2026-10-16,83,207.08,17187.9,upcoming
V01306,P100346,Vodafone,RSU,2026-10-16,56,137.88,7721.01,upcoming
V01621,P100085,SAP,RSU,2026-10-17,57,199.52,11372.55,upcoming
V00798,P100147,DHL,RSU,2026-10-17,187,167.26,31277.31,upcoming
V00758,P100106,Coca-Cola,RSU,2026-10-17,237,83.29,19740.5,upcoming
V00808,P100184,Novartis,RSU,2026-10-18,142,91.06,12929.99,upcoming
V01154,P100253,AstraZeneca,RSU,2026-10-18,131,102.26,13396.39,upcoming
V01216,P100174,AstraZeneca,RSU,2026-10-18,76,180.91,13749.27,upcoming
V01457,P100016,DHL,ESPP,2026-10-19,39,67.17,2619.68,upcoming
V01881,P100479,Coca-Cola,RSU,2026-10-19,53,190.92,10118.79,upcoming
V01830,P100444,AstraZeneca,RSU,2026-10-19,193,100.66,19428.22,upcoming
V00832,P100391,SAP,RSU,2026-10-19,179,153.54,27483.32,upcoming
V01801,P100438,Novartis,ESPP,2026-10-19,199,41.46,8249.56,upcoming
V00202,P100127,SAP,RSU,2026-10-19,12,137.82,1653.81,upcoming
V00116,P100252,Coca-Cola,ESPP,2026-10-20,45,31.64,1423.91,upcoming
V00627,P100456,Vodafone,RSU,2026-10-21,99,90.52,8961.65,upcoming
V00269,P100303,Coca-Cola,SAYE,2026-10-22,48,8.94,429.34,upcoming
V00543,P100347,AstraZeneca,ESPP,2026-10-22,72,40.16,2891.41,upcoming
V00424,P100153,DHL,RSU,2026-10-23,106,68.69,7280.78,upcoming
V01752,P100294,Unilever,SAYE,2026-10-23,10,14.64,146.37,upcoming
V01026,P100090,SAP,RSU,2026-10-24,171,200.68,34315.62,upcoming
V01746,P100333,Unilever,RSU,2026-10-24,88,210.85,18554.49,upcoming
V00639,P100338,SAP,RSU,2026-10-24,227,66.53,15103.15,upcoming
V00314,P100281,AstraZeneca,SAYE,2026-10-24,167,44.42,7418.08,upcoming
V00144,P100365,Coca-Cola,RSU,2026-10-25,119,173.63,20661.58,upcoming
V01045,P100331,AstraZeneca,RSU,2026-10-27,21,176.3,3702.39,upcoming
V00755,P100354,Coca-Cola,ESPP,2026-10-28,37,88.58,3277.59,upcoming
V01494,P100359,DHL,SAYE,2026-10-30,131,41.77,5471.86,upcoming
V00524,P100281,AstraZeneca,ESPP,2026-10-31,152,29.98,4556.85,upcoming
V01098,P100170,Barclays,RSU,2026-10-31,158,148.71,23496.49,upcoming
V00693,P100389,Unilever,ESPP,2026-10-31,227,28.09,6376.75,upcoming
V01052,P100477,DHL,RSU,2026-10-31,68,168.64,11467.63,upcoming
V01086,P100258,SAP,ESPP,2026-11-01,148,85.6,12668.92,upcoming
V00103,P100411,Siemens,RSU,2026-11-01,11,184.03,2024.34,upcoming
V01502,P100141,Coca-Cola,RSU,2026-11-02,249,68.69,17103.72,upcoming
V01727,P100080,Siemens,RSU,2026-11-03,73,165.45,12077.81,upcoming
V00493,P100357,Unilever,SAYE,2026-11-03,76,37.75,2868.94,upcoming
V01382,P100299,Siemens,RSU,2026-11-03,169,75.34,12732.58,upcoming
V01426,P100034,Coca-Cola,RSU,2026-11-03,232,175.11,40626.3,upcoming
V00292,P100366,Novartis,SAYE,2026-11-05,54,28.67,1548.01,upcoming
V01249,P100447,DHL,RSU,2026-11-06,146,197.16,28785.14,upcoming
V01528,P100073,AstraZeneca,RSU,2026-11-06,112,113.52,12714.34,upcoming
V00262,P100378,Barclays,RSU,2026-11-06,232,200.66,46552.69,upcoming
V01515,P100421,SAP,RSU,2026-11-06,14,176.34,2468.81,upcoming
V01889,P100430,BP,RSU,2026-11-07,231,109.82,25368.71,upcoming
V00771,P100461,SAP,SAYE,2026-11-07,132,39.13,5165.55,upcoming
V01304,P100059,SAP,RSU,2026-11-08,92,113.19,10413.15,upcoming
V00031,P100065,DHL,RSU,2026-11-08,138,62.69,8651.52,upcoming
V01681,P100240,Unilever,RSU,2026-11-09,211,205.74,43411.49,upcoming
V01504,P100349,SAP,RSU,2026-11-09,7,132.53,927.68,upcoming
V00223,P100279,Unilever,SAYE,2026-11-09,217,13.94,3025.64,upcoming
V01692,P100173,BP,RSU,2026-11-09,104,138.53,14407.44,upcoming
V00203,P100283,AstraZeneca,RSU,2026-11-09,121,98.99,11977.97,upcoming
V01050,P100018,Unilever,ESPP,2026-11-10,171,53.53,9153.98,upcoming
V00573,P100347,AstraZeneca,RSU,2026-11-10,149,85.73,12774.1,upcoming
V00943,P100319,Vodafone,RSU,2026-11-11,92,181.38,16686.61,upcoming
V00106,P100038,AstraZeneca,RSU,2026-11-12,6,106.94,641.64,upcoming
V01203,P100396,Unilever,ESPP,2026-11-12,17,38.28,650.76,upcoming
V01410,P100069,Coca-Cola,RSU,2026-11-12,61,216.96,13234.37,upcoming
V01256,P100158,Novartis,RSU,2026-11-13,80,85.03,6802.08,upcoming
V01496,P100434,SAP,RSU,2026-11-13,102,164.14,16742.46,upcoming
V01006,P100204,SAP,RSU,2026-11-14,196,117.35,22999.65,upcoming
V00708,P100359,DHL,ESPP,2026-11-14,45,53.88,2424.53,upcoming
V01688,P100472,SAP,SAYE,2026-11-15,167,33.3,5560.66,upcoming
V00472,P100399,Coca-Cola,RSU,2026-11-15,166,124.95,20741.88,upcoming
V00983,P100352,DHL,RSU,2026-11-15,179,203.51,36428.44,upcoming
V01423,P100403,SAP,RSU,2026-11-16,106,165.69,17563.23,upcoming
V00805,P100131,BP,RSU,2026-11-16,115,99.54,11446.99,upcoming
V00904,P100337,Novartis,RSU,2026-11-16,111,93.59,10388.43,upcoming
V00496,P100387,Vodafone,RSU,2026-11-16,34,156.33,5315.36,upcoming
V00587,P100303,Coca-Cola,RSU,2026-11-16,79,179.8,14204.04,upcoming
V00305,P100162,AstraZeneca,RSU,2026-11-17,175,142.07,24862.72,upcoming
V01719,P100009,Coca-Cola,RSU,2026-11-17,72,115.63,8325.18,upcoming
V01446,P100098,SAP,RSU,2026-11-18,215,123.32,26514.38,upcoming
V01679,P100011,BP,RSU,2026-11-18,118,152.0,17936.28,upcoming
V00996,P100216,SAP,SAYE,2026-11-18,194,13.29,2577.52,upcoming
V00061,P100216,SAP,SAYE,2026-11-19,172,18.16,3123.86,upcoming
V01200,P100362,SAP,RSU,2026-11-20,125,62.31,7788.7,upcoming
V01683,P100351,AstraZeneca,RSU,2026-11-20,201,190.05,38199.71,upcoming
V00986,P100402,Novartis,SAYE,2026-11-21,82,14.78,1211.65,upcoming
V00977,P100349,SAP,SAYE,2026-11-21,135,32.72,4416.84,upcoming
V00207,P100325,Siemens,RSU,2026-11-21,99,110.92,10981.09,upcoming
V00438,P100466,Siemens,RSU,2026-11-21,163,180.53,29426.31,upcoming
V00800,P100211,DHL,SAYE,2026-11-22,191,42.39,8096.33,upcoming
V01771,P100146,Barclays,RSU,2026-11-22,168,218.78,36755.26,upcoming
V00908,P100373,Barclays,RSU,2026-11-22,232,165.15,38314.14,upcoming
V01105,P100316,Barclays,ESPP,2026-11-22,166,39.91,6624.86,upcoming
V01898,P100375,SAP,SAYE,2026-11-22,229,37.16,8509.1,upcoming
V00258,P100115,Unilever,RSU,2026-11-22,200,156.14,31227.18,upcoming
V01196,P100430,BP,RSU,2026-11-23,96,147.37,14147.36,upcoming
V01250,P100085,SAP,SAYE,2026-11-24,6,36.12,216.74,upcoming
V01088,P100420,Siemens,SAYE,2026-11-24,125,11.7,1462.99,upcoming
V01264,P100062,DHL,ESPP,2026-11-24,42,77.9,3271.71,upcoming
V01075,P100424,DHL,RSU,2026-11-25,219,75.42,16517.63,upcoming
V01625,P100169,Vodafone,ESPP,2026-11-25,161,80.81,13009.7,upcoming
V00237,P100170,Barclays,SAYE,2026-11-26,39,25.43,991.87,upcoming
V01396,P100008,SAP,RSU,2026-11-26,99,132.2,13088.28,upcoming
V00089,P100220,Barclays,RSU,2026-11-26,152,184.07,27978.32,upcoming
V00310,P100190,BP,RSU,2026-11-26,87,107.09,9316.98,upcoming
V00647,P100367,Siemens,RSU,2026-11-27,130,86.15,11199.06,upcoming
V00264,P100035,AstraZeneca,RSU,2026-11-27,205,161.6,33128.26,upcoming
V00837,P100055,Novartis,RSU,2026-11-28,141,126.2,17793.56,upcoming
V01380,P100039,Siemens,RSU,2026-11-29,114,90.29,10292.95,upcoming
V01571,P100313,Barclays,ESPP,2026-11-29,244,86.82,21184.31,upcoming
V01836,P100342,Unilever,RSU,2026-11-30,19,99.1,1882.99,upcoming
V00064,P100092,Coca-Cola,RSU,2026-11-30,130,125.8,16354.64,upcoming
V01843,P100406,AstraZeneca,ESPP,2026-11-30,229,26.99,6180.64,upcoming
V01049,P100032,Barclays,SAYE,2026-11-30,210,35.93,7545.98,upcoming
V01487,P100247,Coca-Cola,RSU,2026-12-01,170,214.16,36407.78,upcoming
V01800,P100423,SAP,SAYE,2026-12-01,120,24.74,2969.14,upcoming
V01809,P100141,Coca-Cola,RSU,2026-12-01,143,203.73,29134.07,upcoming
V01629,P100185,Siemens,RSU,2026-12-01,31,92.26,2860.13,upcoming
V00768,P100047,AstraZeneca,ESPP,2026-12-01,225,86.59,19483.33,upcoming
V00073,P100164,DHL,RSU,2026-12-01,184,178.42,32829.9,upcoming
V01071,P100458,Novartis,RSU,2026-12-01,237,107.74,25534.34,upcoming
V00516,P100043,Barclays,RSU,2026-12-02,205,152.37,31236.72,upcoming
V01581,P100115,Unilever,RSU,2026-12-02,157,204.89,32168.49,upcoming
V01403,P100369,BP,RSU,2026-12-02,131,151.29,19818.48,upcoming
V01775,P100026,Coca-Cola,RSU,2026-12-03,122,87.46,10670.36,upcoming
V01226,P100431,Novartis,SAYE,2026-12-04,63,9.58,603.59,upcoming
V01345,P100173,BP,ESPP,2026-12-04,198,87.51,17326.14,upcoming
V01197,P100341,Vodafone,ESPP,2026-12-04,219,20.65,4521.54,upcoming
V01726,P100449,DHL,ESPP,2026-12-04,214,34.09,7295.48,upcoming
V00263,P100156,AstraZeneca,RSU,2026-12-06,50,160.72,8036.13,upcoming
V01656,P100225,BP,SAYE,2026-12-07,47,24.64,1158.16,upcoming
V01754,P100161,BP,RSU,2026-12-07,73,83.92,6126.22,upcoming
V00527,P100244,DHL,ESPP,2026-12-07,47,56.61,2660.76,upcoming
V00151,P100468,SAP,RSU,2026-12-08,14,134.5,1882.96,upcoming
V00094,P100208,SAP,RSU,2026-12-08,40,73.88,2955.17,upcoming
V01065,P100265,AstraZeneca,ESPP,2026-12-08,144,26.88,3870.87,upcoming
V00440,P100464,DHL,RSU,2026-12-09,100,101.17,10116.87,upcoming
V01668,P100007,Novartis,ESPP,2026-12-10,90,50.0,4500.27,upcoming
V00403,P100434,SAP,RSU,2026-12-11,47,126.42,5941.61,upcoming
V00560,P100125,Coca-Cola,RSU,2026-12-11,121,73.84,8934.33,upcoming
V00833,P100109,BP,ESPP,2026-12-11,152,15.71,2387.57,upcoming
V00984,P100013,Unilever,SAYE,2026-12-11,50,33.16,1658.11,upcoming
V00337,P100297,Unilever,ESPP,2026-12-12,125,63.26,7907.46,upcoming
V01352,P100095,Siemens,RSU,2026-12-12,85,101.79,8651.94,upcoming
V00459,P100301,SAP,RSU,2026-12-12,206,79.63,16403.32,upcoming
V01009,P100447,DHL,ESPP,2026-12-12,5,70.97,354.85,upcoming
V00630,P100394,SAP,RSU,2026-12-13,154,149.9,23084.67,upcoming
V00165,P100029,Siemens,RSU,2026-12-14,131,114.62,15014.77,upcoming
V01873,P100143,DHL,RSU,2026-12-14,113,152.71,17255.79,upcoming
V00475,P100006,Novartis,ESPP,2026-12-14,69,62.02,4279.32,upcoming
V00698,P100275,Barclays,ESPP,2026-12-15,61,29.39,1793.05,upcoming
V00274,P100468,SAP,RSU,2026-12-15,187,158.4,29620.43,upcoming
V00102,P100296,Vodafone,RSU,2026-12-16,203,103.43,20996.35,upcoming
V00663,P100123,Coca-Cola,ESPP,2026-12-16,134,15.46,2071.21,upcoming
V00060,P100282,AstraZeneca,RSU,2026-12-16,92,174.33,16038.21,upcoming
V01517,P100221,Coca-Cola,SAYE,2026-12-16,140,32.29,4520.24,upcoming
V00976,P100168,Barclays,RSU,2026-12-17,249,158.04,39351.65,upcoming
V00129,P100203,SAP,ESPP,2026-12-17,249,89.98,22404.67,upcoming
V01488,P100106,Coca-Cola,ESPP,2026-12-17,89,61.22,5448.52,upcoming
V00101,P100074,SAP,RSU,2026-12-17,120,201.79,24215.39,upcoming
V00850,P100350,DHL,ESPP,2026-12-18,141,18.53,2613.35,upcoming
V00038,P100048,Siemens,RSU,2026-12-18,160,194.82,31171.82,upcoming
V01079,P100332,Siemens,RSU,2026-12-19,208,91.75,19084.06,upcoming
V00321,P100315,Barclays,ESPP,2026-12-20,238,58.6,13947.12,upcoming
V00167,P100004,SAP,RSU,2026-12-20,133,137.59,18299.95,upcoming
V00956,P100129,DHL,RSU,2026-12-21,146,192.2,28061.1,upcoming
V00181,P100008,SAP,SAYE,2026-12-23,40,9.97,398.96,upcoming
V00642,P100020,Novartis,ESPP,2026-12-23,196,43.82,8587.86,upcoming
V00163,P100173,BP,SAYE,2026-12-23,167,40.55,6772.14,upcoming
V01238,P100228,Siemens,SAYE,2026-12-23,75,39.87,2989.93,upcoming
V01818,P100194,SAP,ESPP,2026-12-24,89,87.67,7802.49,upcoming
V00695,P100025,AstraZeneca,RSU,2026-12-24,22,144.86,3187.01,upcoming
V01734,P100331,AstraZeneca,RSU,2026-12-24,105,195.66,20544.37,upcoming
V00801,P100081,Barclays,RSU,2026-12-24,176,118.22,20805.93,upcoming
V01272,P100307,Siemens,RSU,2026-12-26,172,79.91,13744.66,upcoming
V01081,P100179,Novartis,ESPP,2026-12-26,49,39.96,1958.13,upcoming
V01454,P100372,Barclays,RSU,2026-12-27,107,99.63,10660.25,upcoming
V00359,P100429,Unilever,SAYE,2026-12-27,249,26.73,6655.14,upcoming
V01011,P100200,Novartis,RSU,2026-12-27,156,200.14,31221.08,upcoming
V00738,P100472,SAP,ESPP,2026-12-27,171,16.76,2866.75,upcoming
V00896,P100075,AstraZeneca,RSU,2026-12-28,128,205.9,26355.13,upcoming
V01689,P100255,Novartis,RSU,2026-12-29,107,181.7,19441.94,upcoming
V00191,P100039,Siemens,RSU,2026-12-29,168,178.69,30020.15,upcoming
V01892,P100330,Novartis,RSU,2026-12-29,121,167.11,20220.57,upcoming
V01312,P100400,Barclays,ESPP,2026-12-30,150,15.96,2394.52,upcoming
V00517,P100134,DHL,ESPP,2026-12-30,227,68.98,15657.62,upcoming
V01469,P100410,Siemens,SAYE,2026-12-31,92,24.05,2212.48,upcoming
V00113,P100355,DHL,RSU,2026-12-31,143,153.52,21952.7,upcoming
V01285,P100421,SAP,RSU,2026-12-31,165,122.12,20150.03,upcoming
V01598,P100170,Barclays,ESPP,2026-12-31,30,53.1,1592.92,upcoming
V01846,P100432,Siemens,RSU,2027-01-01,161,198.56,31968.01,upcoming
V00547,P100334,SAP,RSU,2027-01-01,80,107.13,8570.23,upcoming
V00711,P100464,DHL,SAYE,2027-01-02,65,10.33,671.35,upcoming
V00052,P100012,Siemens,RSU,2027-01-03,179,141.23,25280.78,upcoming
V01798,P100123,Coca-Cola,RSU,2027-01-03,23,200.07,4601.61,upcoming
V00364,P100045,Unilever,SAYE,2027-01-03,181,28.44,5148.41,upcoming
V01271,P100472,SAP,RSU,2027-01-03,117,132.96,15556.04,upcoming
V01691,P100353,DHL,RSU,2027-01-04,218,105.54,23008.61,upcoming
V00346,P100380,DHL,SAYE,2027-01-04,56,14.09,789.27,upcoming
V00335,P100413,BP,RSU,2027-01-06,39,148.9,5807.03,upcoming
V00215,P100228,Siemens,RSU,2027-01-06,138,125.92,17376.4,upcoming
V01655,P100009,Coca-Cola,ESPP,2027-01-06,173,26.81,4638.34,upcoming
V01876,P100246,DHL,SAYE,2027-01-07,101,12.52,1264.09,upcoming
V01652,P100190,BP,SAYE,2027-01-09,214,24.06,5148.45,upcoming
V00797,P100280,SAP,RSU,2027-01-09,114,113.26,12911.78,upcoming
V01667,P100051,SAP,RSU,2027-01-09,14,123.2,1724.79,upcoming
V01347,P100315,Barclays,RSU,2027-01-10,64,80.68,5163.53,upcoming
V00596,P100067,Barclays,SAYE,2027-01-11,149,30.04,4475.75,upcoming
V01687,P100213,Unilever,SAYE,2027-01-12,35,25.34,886.89,upcoming
V00154,P100439,Siemens,RSU,2027-01-14,26,111.84,2907.75,upcoming
V00454,P100337,Novartis,ESPP,2027-01-16,206,45.36,9343.28,upcoming
V00580,P100472,SAP,SAYE,2027-01-17,112,20.57,2303.65,upcoming
V00290,P100131,BP,RSU,2027-01-17,16,96.08,1537.34,upcoming
V00260,P100167,Unilever,RSU,2027-01-17,93,207.12,19261.76,upcoming
V01300,P100110,Coca-Cola,RSU,2027-01-17,183,161.62,29576.11,upcoming
V00220,P100018,Unilever,RSU,2027-01-18,124,205.71,25507.57,upcoming
V01184,P100140,Coca-Cola,RSU,2027-01-18,129,65.96,8509.35,upcoming
V00199,P100116,Novartis,RSU,2027-01-18,205,174.34,35740.2,upcoming
V01636,P100170,Barclays,RSU,2027-01-20,121,186.91,22616.32,upcoming
V00921,P100191,AstraZeneca,RSU,2027-01-21,249,119.68,29800.91,upcoming
V01147,P100179,Novartis,RSU,2027-01-21,120,159.76,19171.75,upcoming
V00853,P100357,Unilever,RSU,2027-01-21,99,164.27,16263.01,upcoming
V00234,P100026,Coca-Cola,RSU,2027-01-21,188,155.28,29192.63,upcoming
V01084,P100421,SAP,RSU,2027-01-21,175,133.96,23443.71,upcoming
V01144,P100369,BP,RSU,2027-01-22,78,134.38,10481.59,upcoming
V00786,P100473,SAP,ESPP,2027-01-22,27,87.87,2372.44,upcoming
V01129,P100316,Barclays,ESPP,2027-01-23,149,21.36,3183.24,upcoming
V00899,P100070,AstraZeneca,RSU,2027-01-23,73,179.48,13101.75,upcoming
V00878,P100375,SAP,SAYE,2027-01-23,152,9.78,1486.56,upcoming
V01760,P100221,Coca-Cola,RSU,2027-01-24,6,215.04,1290.22,upcoming
V00487,P100152,SAP,RSU,2027-01-25,114,92.23,10514.57,upcoming
V01569,P100023,BP,RSU,2027-01-25,56,99.97,5598.43,upcoming
V01214,P100157,Siemens,RSU,2027-01-25,234,215.04,50319.06,upcoming
V00324,P100153,DHL,ESPP,2027-01-25,247,84.98,20990.22,upcoming
V01525,P100135,SAP,RSU,2027-01-26,44,149.72,6587.53,upcoming
V01633,P100230,SAP,RSU,2027-01-27,213,81.34,17324.54,upcoming
V01230,P100111,AstraZeneca,RSU,2027-01-27,67,77.32,5180.23,upcoming
V00432,P100452,Siemens,ESPP,2027-01-28,111,24.18,2684.05,upcoming
V00374,P100036,SAP,RSU,2027-01-28,212,199.92,42383.23,upcoming
V00134,P100120,DHL,SAYE,2027-01-28,43,33.6,1444.96,upcoming
V01020,P100085,SAP,RSU,2027-01-29,149,219.28,32673.34,upcoming
V01060,P100168,Barclays,RSU,2027-01-30,224,171.35,38382.26,upcoming
V00210,P100386,Novartis,RSU,2027-01-31,48,160.26,7692.71,upcoming
V01172,P100068,SAP,ESPP,2027-02-01,155,38.21,5922.17,upcoming
V01064,P100332,Siemens,RSU,2027-02-01,172,118.59,20398.29,upcoming
V01048,P100109,BP,RSU,2027-02-01,11,70.01,770.09,upcoming
V00098,P100206,SAP,RSU,2027-02-01,111,63.72,7073.11,upcoming
V00143,P100260,SAP,SAYE,2027-02-01,229,40.5,9274.54,upcoming
V01720,P100424,DHL,RSU,2027-02-02,172,181.18,31162.9,upcoming
V00872,P100296,Vodafone,ESPP,2027-02-03,117,46.56,5446.94,upcoming
V01810,P100471,Coca-Cola,ESPP,2027-02-03,20,67.45,1348.97,upcoming
V01017,P100256,Unilever,RSU,2027-02-03,214,147.84,31637.12,upcoming
V01479,P100369,BP,RSU,2027-02-03,74,150.55,11140.43,upcoming
V00934,P100384,Barclays,RSU,2027-02-04,235,179.92,42280.36,upcoming
V00677,P100414,SAP,RSU,2027-02-04,111,92.67,10286.39,upcoming
V00938,P100208,SAP,ESPP,2027-02-05,148,79.06,11700.39,upcoming
V00146,P100101,Siemens,SAYE,2027-02-05,220,40.54,8918.6,upcoming
V01794,P100262,Barclays,RSU,2027-02-06,127,85.59,10869.73,upcoming
V00097,P100290,Unilever,RSU,2027-02-06,178,160.84,28629.11,upcoming
V00347,P100467,Vodafone,ESPP,2027-02-07,62,36.61,2269.58,upcoming
V01126,P100380,DHL,RSU,2027-02-07,25,101.69,2542.28,upcoming
V01433,P100038,AstraZeneca,RSU,2027-02-08,182,137.76,25071.43,upcoming
V01324,P100232,Vodafone,RSU,2027-02-08,9,75.32,677.9,upcoming
V01359,P100432,Siemens,RSU,2027-02-09,135,60.07,8109.01,upcoming
V00770,P100471,Coca-Cola,ESPP,2027-02-09,248,40.74,10102.36,upcoming
V00788,P100019,Siemens,RSU,2027-02-09,12,167.35,2008.17,upcoming
V00652,P100092,Coca-Cola,ESPP,2027-02-09,35,39.84,1394.4,upcoming
V01110,P100417,Novartis,RSU,2027-02-11,151,161.94,24452.54,upcoming
V00166,P100366,Novartis,SAYE,2027-02-11,179,16.0,2863.31,upcoming
V01759,P100128,SAP,RSU,2027-02-12,183,108.63,19879.96,upcoming
V01044,P100184,Novartis,RSU,2027-02-12,84,141.4,11877.75,upcoming
V01620,P100162,AstraZeneca,RSU,2027-02-13,74,172.92,12795.94,upcoming
V00479,P100454,SAP,RSU,2027-02-13,180,150.37,27067.06,upcoming
V00136,P100068,SAP,RSU,2027-02-13,40,95.34,3813.62,upcoming
V01552,P100478,Siemens,RSU,2027-02-13,22,212.33,4671.15,upcoming
V01467,P100354,Coca-Cola,SAYE,2027-02-14,125,19.53,2441.15,upcoming
V01093,P100261,Unilever,ESPP,2027-02-14,238,33.84,8055.05,upcoming
V01729,P100090,SAP,RSU,2027-02-15,166,218.58,36283.79,upcoming
V01308,P100154,SAP,RSU,2027-02-15,168,106.21,17842.97,upcoming
V00423,P100272,SAP,RSU,2027-02-15,52,167.82,8726.77,upcoming
V01346,P100137,Coca-Cola,RSU,2027-02-15,179,216.76,38800.72,upcoming
V00137,P100360,BP,RSU,2027-02-15,9,141.02,1269.18,upcoming
V01274,P100015,AstraZeneca,RSU,2027-02-17,126,219.05,27600.86,upcoming
V01342,P100039,Siemens,RSU,2027-02-17,221,195.16,43129.65,upcoming
V00045,P100285,Coca-Cola,SAYE,2027-02-18,106,35.0,3709.81,upcoming
V00194,P100140,Coca-Cola,RSU,2027-02-18,117,96.45,11284.18,upcoming
V00717,P100012,Siemens,RSU,2027-02-19,136,132.15,17972.66,upcoming
V01705,P100028,SAP,ESPP,2027-02-19,116,79.15,9181.21,upcoming
V01441,P100171,Coca-Cola,RSU,2027-02-20,193,139.73,26968.24,upcoming
V01573,P100308,AstraZeneca,RSU,2027-02-20,111,135.12,14998.13,upcoming
V00251,P100242,AstraZeneca,RSU,2027-02-20,69,145.08,10010.84,upcoming
V00482,P100374,SAP,RSU,2027-02-21,49,108.95,5338.59,upcoming
V00204,P100285,Coca-Cola,RSU,2027-02-21,204,97.71,19931.88,upcoming
V01551,P100208,SAP,ESPP,2027-02-21,193,78.45,15140.11,upcoming
V01099,P100299,Siemens,ESPP,2027-02-21,186,33.93,6311.7,upcoming
V00122,P100010,Barclays,RSU,2027-02-21,211,156.43,33005.95,upcoming
V01262,P100098,SAP,ESPP,2027-02-22,72,24.97,1797.8,upcoming
V00404,P100177,Vodafone,RSU,2027-02-22,51,163.82,8354.59,upcoming
V01107,P100288,DHL,RSU,2027-02-22,244,174.49,42574.84,upcoming
V01066,P100031,Vodafone,ESPP,2027-02-22,25,66.5,1662.61,upcoming
V01331,P100167,Unilever,RSU,2027-02-22,165,78.64,12975.09,upcoming
V00373,P100106,Coca-Cola,ESPP,2027-02-23,28,50.83,1423.28,upcoming
V01155,P100300,Novartis,RSU,2027-02-23,42,155.13,6515.62,upcoming
V01246,P100369,BP,RSU,2027-02-23,29,164.86,4780.93,upcoming
V01545,P100343,DHL,ESPP,2027-02-24,213,21.67,4614.65,upcoming
V00123,P100181,BP,RSU,2027-02-24,54,114.45,6180.2,upcoming
V00431,P100240,Unilever,RSU,2027-02-24,236,169.06,39897.63,upcoming
V01847,P100379,Novartis,RSU,2027-02-24,62,95.38,5913.46,upcoming
V01445,P100453,AstraZeneca,RSU,2027-02-24,165,168.38,27782.16,upcoming
V01802,P100035,AstraZeneca,SAYE,2027-02-25,118,12.37,1459.74,upcoming
V00063,P100028,SAP,RSU,2027-02-25,162,172.65,27968.52,upcoming
V01536,P100148,Coca-Cola,ESPP,2027-02-25,209,75.34,15745.45,upcoming
V00441,P100030,Novartis,SAYE,2027-02-25,130,14.37,1868.08,upcoming
V01694,P100323,DHL,SAYE,2027-02-25,32,32.69,1046.08,upcoming
V00128,P100155,Siemens,RSU,2027-02-25,147,123.01,18082.99,upcoming
V00178,P100053,Siemens,ESPP,2027-02-25,138,62.38,8607.77,upcoming
V01132,P100352,DHL,ESPP,2027-02-25,109,53.83,5867.52,upcoming
V01664,P100128,SAP,RSU,2027-02-26,8,72.82,582.59,upcoming
V00427,P100168,Barclays,RSU,2027-02-26,226,144.88,32741.98,upcoming
V01175,P100094,Barclays,RSU,2027-02-26,190,148.43,28200.91,upcoming
V00582,P100340,SAP,RSU,2027-02-27,149,199.0,29650.9,upcoming
V00074,P100230,SAP,RSU,2027-02-27,161,113.15,18217.8,upcoming
V01361,P100262,Barclays,RSU,2027-02-28,133,118.3,15734.1,upcoming
V00508,P100034,Coca-Cola,RSU,2027-02-28,56,206.71,11575.93,upcoming
V00593,P100138,Novartis,ESPP,2027-02-28,179,63.82,11423.92,upcoming
V00685,P100287,Barclays,SAYE,2027-02-28,112,18.01,2017.12,upcoming
V01648,P100181,BP,ESPP,2027-02-28,177,63.68,11271.76,upcoming
V01787,P100106,Coca-Cola,RSU,2027-03-01,96,149.52,14354.06,upcoming
V00501,P100358,Coca-Cola,SAYE,2027-03-02,241,29.65,7145.06,upcoming
V00684,P100247,Coca-Cola,RSU,2027-03-03,85,213.68,18163.21,upcoming
V01863,P100434,SAP,ESPP,2027-03-03,60,47.09,2825.61,upcoming
V01713,P100417,Novartis,ESPP,2027-03-04,203,57.63,11699.46,upcoming
V01127,P100065,DHL,RSU,2027-03-04,45,85.29,3837.96,upcoming
V01425,P100257,SAP,RSU,2027-03-04,194,176.49,34238.18,upcoming
V01212,P100465,Siemens,RSU,2027-03-04,238,145.67,34669.77,upcoming
V01779,P100003,Siemens,RSU,2027-03-04,195,178.86,34877.44,upcoming
V00444,P100231,Coca-Cola,RSU,2027-03-04,194,87.22,16920.66,upcoming
V00862,P100342,Unilever,SAYE,2027-03-05,245,31.74,7776.52,upcoming
V00255,P100345,Unilever,RSU,2027-03-06,164,106.6,17482.75,upcoming
V01022,P100125,Coca-Cola,RSU,2027-03-06,227,134.4,30508.79,upcoming
V01191,P100023,BP,RSU,2027-03-06,150,132.92,19937.78,upcoming
V00360,P100348,DHL,ESPP,2027-03-06,220,61.7,13573.39,upcoming
V01224,P100165,Barclays,ESPP,2027-03-07,131,65.03,8519.21,upcoming
V00253,P100217,SAP,RSU,2027-03-07,88,176.2,15505.3,upcoming
V00922,P100308,AstraZeneca,RSU,2027-03-07,120,87.73,10527.53,upcoming
V00186,P100287,Barclays,RSU,2027-03-08,62,155.23,9624.2,upcoming
V01661,P100454,SAP,RSU,2027-03-08,54,144.45,7800.37,upcoming
V01266,P100382,Novartis,SAYE,2027-03-08,170,13.61,2314.1,upcoming
V01326,P100464,DHL,SAYE,2027-03-10,23,26.19,602.36,upcoming
V01016,P100235,Unilever,ESPP,2027-03-10,9,68.09,612.78,upcoming
V01282,P100360,BP,RSU,2027-03-11,144,184.68,26593.99,upcoming
V00200,P100464,DHL,RSU,2027-03-11,43,85.4,3672.19,upcoming
V01757,P100062,DHL,RSU,2027-03-11,214,164.2,35138.52,upcoming
V01236,P100256,Unilever,ESPP,2027-03-12,39,58.55,2283.48,upcoming
V01074,P100193,Unilever,RSU,2027-03-12,116,147.91,17158.12,upcoming
V01706,P100322,Barclays,RSU,2027-03-12,45,99.92,4496.56,upcoming
V01001,P100281,AstraZeneca,RSU,2027-03-12,132,205.74,27158.06,upcoming
V01511,P100401,BP,RSU,2027-03-12,166,95.41,15837.5,upcoming
V01305,P100193,Unilever,ESPP,2027-03-13,85,80.25,6821.41,upcoming
V00526,P100222,Siemens,RSU,2027-03-14,249,185.59,46212.88,upcoming
V00654,P100384,Barclays,RSU,2027-03-14,24,176.37,4232.86,upcoming
V01623,P100390,Siemens,RSU,2027-03-15,234,180.5,42236.41,upcoming
V01466,P100109,BP,RSU,2027-03-15,172,137.69,23682.13,upcoming
V00741,P100000,Novartis,RSU,2027-03-15,182,141.09,25678.8,upcoming
V00291,P100370,Novartis,SAYE,2027-03-15,150,23.6,3540.37,upcoming
V00399,P100053,Siemens,SAYE,2027-03-15,154,19.17,2951.48,upcoming
V01302,P100268,SAP,ESPP,2027-03-16,165,26.59,4387.12,upcoming
V01303,P100134,DHL,RSU,2027-03-16,106,124.23,13168.06,upcoming
V00175,P100252,Coca-Cola,RSU,2027-03-18,103,84.6,8713.56,upcoming
V01080,P100043,Barclays,ESPP,2027-03-18,141,43.27,6101.71,upcoming
V00528,P100264,BP,RSU,2027-03-18,28,109.14,3055.95,upcoming
V01508,P100299,Siemens,RSU,2027-03-19,29,65.97,1913.23,upcoming
V00937,P100408,SAP,RSU,2027-03-19,75,204.11,15308.18,upcoming
V01559,P100439,Siemens,SAYE,2027-03-19,221,30.21,6676.87,upcoming
V01644,P100011,BP,RSU,2027-03-20,157,91.15,14310.4,upcoming
V00682,P100042,Siemens,ESPP,2027-03-20,125,76.4,9550.33,upcoming
V01429,P100263,SAP,RSU,2027-03-20,184,157.75,29026.34,upcoming
V01067,P100236,Coca-Cola,ESPP,2027-03-21,62,33.61,2084.0,upcoming
V01153,P100174,AstraZeneca,SAYE,2027-03-21,79,18.09,1428.72,upcoming
V01405,P100430,BP,RSU,2027-03-21,219,164.38,35999.4,upcoming
V01461,P100125,Coca-Cola,RSU,2027-03-24,16,94.56,1512.91,upcoming
V01402,P100346,Vodafone,RSU,2027-03-24,195,114.58,22342.38,upcoming
V00727,P100231,Coca-Cola,RSU,2027-03-24,77,82.91,6383.96,upcoming
V00088,P100164,DHL,SAYE,2027-03-25,113,13.05,1475.14,upcoming
V01134,P100113,DHL,ESPP,2027-03-25,183,17.07,3123.09,upcoming
V01501,P100367,Siemens,RSU,2027-03-25,247,82.14,20289.68,upcoming
V00363,P100475,Barclays,SAYE,2027-03-25,108,28.51,3078.98,upcoming
V00315,P100091,Siemens,RSU,2027-03-27,43,95.73,4116.46,upcoming
V00804,P100033,Barclays,SAYE,2027-03-27,21,42.51,892.74,upcoming
V01209,P100269,SAP,RSU,2027-03-28,67,187.87,12587.6,upcoming
V00888,P100382,Novartis,ESPP,2027-03-28,8,47.6,380.76,upcoming
V00750,P100240,Unilever,SAYE,2027-03-28,242,11.74,2841.64,upcoming
V00880,P100401,BP,ESPP,2027-03-29,72,44.36,3193.82,upcoming
V01233,P100188,Novartis,RSU,2027-03-29,50,205.27,10263.56,upcoming
V00059,P100228,Siemens,RSU,2027-03-30,74,148.38,10980.24,upcoming
V00065,P100428,SAP,RSU,2027-03-30,164,124.35,20392.92,upcoming
V00781,P100470,Barclays,RSU,2027-03-30,55,147.94,8136.74,upcoming
V01475,P100153,DHL,ESPP,2027-03-31,66,20.63,1361.69,upcoming
V01375,P100228,Siemens,ESPP,2027-03-31,126,33.52,4223.29,upcoming
V01562,P100352,DHL,RSU,2027-03-31,218,198.44,43259.58,upcoming
V00911,P100430,BP,ESPP,2027-03-31,130,80.16,10421.28,upcoming
V00626,P100405,BP,ESPP,2027-03-31,104,21.45,2230.79,upcoming
V00978,P100147,DHL,RSU,2027-04-01,78,206.25,16087.48,upcoming
V01472,P100218,BP,SAYE,2027-04-01,177,38.28,6776.35,upcoming
V01643,P100439,Siemens,RSU,2027-04-01,114,143.94,16409.33,upcoming
V00336,P100348,DHL,RSU,2027-04-01,173,170.3,29462.05,upcoming
V00084,P100230,SAP,RSU,2027-04-02,234,123.17,28822.84,upcoming
V00636,P100363,SAP,SAYE,2027-04-02,142,19.55,2776.19,upcoming
V01464,P100063,Novartis,RSU,2027-04-02,106,141.56,15005.35,upcoming
V01831,P100470,Barclays,RSU,2027-04-02,87,170.88,14866.21,upcoming
V00285,P100236,Coca-Cola,ESPP,2027-04-02,236,89.92,21220.38,upcoming
V01650,P100027,SAP,ESPP,2027-04-03,240,16.35,3924.12,upcoming
V01560,P100186,Barclays,RSU,2027-04-03,213,96.94,20649.11,upcoming
V00981,P100268,SAP,SAYE,2027-04-04,120,31.69,3803.11,upcoming
V00576,P100468,SAP,ESPP,2027-04-04,86,67.13,5773.16,upcoming
V00646,P100185,Siemens,RSU,2027-04-04,39,116.74,4553.05,upcoming
V01062,P100228,Siemens,RSU,2027-04-04,9,175.35,1578.12,upcoming
V00614,P100408,SAP,SAYE,2027-04-05,91,32.06,2917.26,upcoming
V01116,P100444,AstraZeneca,RSU,2027-04-05,112,157.18,17604.35,upcoming
V00650,P100472,SAP,RSU,2027-04-05,89,102.82,9151.32,upcoming
V00375,P100200,Novartis,RSU,2027-04-05,116,140.01,16240.67,upcoming
V01136,P100409,Vodafone,RSU,2027-04-05,182,78.66,14315.51,upcoming
V01897,P100154,SAP,ESPP,2027-04-06,20,86.91,1738.19,upcoming
V01379,P100062,DHL,RSU,2027-04-06,193,131.21,25322.69,upcoming
V01882,P100048,Siemens,RSU,2027-04-07,65,92.98,6043.38,upcoming
V00172,P100176,Coca-Cola,ESPP,2027-04-07,186,74.07,13776.5,upcoming
V00611,P100271,AstraZeneca,RSU,2027-04-08,70,219.52,15366.7,upcoming
V00624,P100337,Novartis,SAYE,2027-04-08,150,16.81,2520.83,upcoming
V01792,P100011,BP,RSU,2027-04-09,204,194.38,39653.5,upcoming
V01848,P100196,DHL,SAYE,2027-04-09,221,12.02,2655.95,upcoming
V00240,P100133,Barclays,ESPP,2027-04-10,164,31.36,5143.23,upcoming
V00827,P100254,AstraZeneca,RSU,2027-04-10,42,107.14,4499.85,upcoming
V01014,P100315,Barclays,RSU,2027-04-10,204,95.75,19533.23,upcoming
V01325,P100188,Novartis,RSU,2027-04-11,163,188.06,30653.83,upcoming
V00763,P100094,Barclays,RSU,2027-04-12,182,167.76,30532.96,upcoming
V01587,P100289,SAP,ESPP,2027-04-12,164,69.53,11402.72,upcoming
V00238,P100240,Unilever,ESPP,2027-04-13,28,41.49,1161.69,upcoming
V01089,P100291,SAP,RSU,2027-04-13,223,185.65,41400.84,upcoming
V01277,P100435,AstraZeneca,SAYE,2027-04-13,140,18.53,2594.04,upcoming
V01480,P100449,DHL,RSU,2027-04-14,58,162.41,9419.87,upcoming
V01287,P100229,SAP,RSU,2027-04-15,166,75.37,12511.81,upcoming
V01157,P100231,Coca-Cola,RSU,2027-04-15,181,184.35,33367.12,upcoming
V00275,P100091,Siemens,RSU,2027-04-16,27,91.71,2476.1,upcoming
V00044,P100236,Coca-Cola,SAYE,2027-04-16,197,38.15,7514.9,upcoming
V00952,P100271,AstraZeneca,RSU,2027-04-17,226,217.28,49105.48,upcoming
V01534,P100259,DHL,SAYE,2027-04-17,229,12.87,2947.7,upcoming
V00417,P100311,Coca-Cola,RSU,2027-04-18,26,60.69,1577.82,upcoming
V00043,P100426,AstraZeneca,SAYE,2027-04-18,157,25.12,3943.42,upcoming
V01443,P100181,BP,RSU,2027-04-19,82,89.76,7360.38,upcoming
V00595,P100264,BP,RSU,2027-04-19,183,208.53,38160.83,upcoming
V01161,P100273,DHL,SAYE,2027-04-19,54,8.35,450.65,upcoming
V01063,P100130,AstraZeneca,SAYE,2027-04-20,35,14.44,505.31,upcoming
V01024,P100078,DHL,ESPP,2027-04-20,15,33.27,499.01,upcoming
V01248,P100070,AstraZeneca,SAYE,2027-04-20,187,36.96,6912.44,upcoming
V00367,P100162,AstraZeneca,RSU,2027-04-20,84,94.21,7913.72,upcoming
V00405,P100040,Coca-Cola,RSU,2027-04-21,232,177.36,41147.18,upcoming
V00451,P100459,Siemens,RSU,2027-04-21,101,99.22,10020.82,upcoming
V00413,P100248,Barclays,RSU,2027-04-21,66,67.5,4454.81,upcoming
V00002,P100343,DHL,SAYE,2027-04-23,210,42.11,8843.66,upcoming
V01600,P100261,Unilever,SAYE,2027-04-23,42,20.88,877.1,upcoming
V00160,P100139,SAP,SAYE,2027-04-24,130,22.42,2914.32,upcoming
V00066,P100423,SAP,RSU,2027-04-24,22,88.63,1949.82,upcoming
V00503,P100289,SAP,RSU,2027-04-24,177,201.71,35701.97,upcoming
V01619,P100287,Barclays,RSU,2027-04-24,130,134.05,17426.68,upcoming
V00689,P100427,Unilever,SAYE,2027-04-24,147,24.49,3599.62,upcoming
V00050,P100153,DHL,RSU,2027-04-25,24,142.8,3427.22,upcoming
V01602,P100083,AstraZeneca,SAYE,2027-04-25,110,27.24,2996.61,upcoming
V00485,P100333,Unilever,SAYE,2027-04-25,139,32.16,4470.71,upcoming
V00534,P100247,Coca-Cola,RSU,2027-04-26,111,181.98,20200.26,upcoming
V01519,P100046,Barclays,ESPP,2027-04-26,146,19.45,2839.68,upcoming
V00901,P100459,Siemens,SAYE,2027-04-26,239,8.57,2048.15,upcoming
V01709,P100343,DHL,SAYE,2027-04-26,146,40.05,5847.44,upcoming
V01146,P100309,SAP,RSU,2027-04-26,58,161.67,9376.78,upcoming
V01206,P100100,BP,RSU,2027-04-28,60,183.65,11018.84,upcoming
V00365,P100346,Vodafone,RSU,2027-04-28,24,66.7,1600.75,upcoming
V01460,P100437,Coca-Cola,SAYE,2027-04-28,230,24.45,5624.01,upcoming
V01704,P100148,Coca-Cola,RSU,2027-04-28,104,148.96,15491.36,upcoming
V00325,P100235,Unilever,SAYE,2027-04-28,132,23.3,3076.04,upcoming
V01819,P100468,SAP,ESPP,2027-04-29,41,86.99,3566.59,upcoming
V01269,P100310,Coca-Cola,RSU,2027-04-30,31,87.81,2722.18,upcoming
V00942,P100207,Siemens,ESPP,2027-04-30,244,19.75,4818.09,upcoming
V01309,P100149,SAP,RSU,2027-04-30,47,81.84,3846.26,upcoming
V00012,P100379,Novartis,RSU,2027-04-30,247,60.7,14993.92,upcoming
V00869,P100324,Unilever,RSU,2027-04-30,180,108.59,19545.36,upcoming
V01130,P100338,SAP,RSU,2027-05-01,56,214.64,12019.63,upcoming
V01586,P100049,SAP,ESPP,2027-05-02,94,86.6,8140.67,upcoming
V01227,P100114,AstraZeneca,RSU,2027-05-02,60,120.48,7228.95,upcoming
V00863,P100275,Barclays,RSU,2027-05-02,207,158.33,32774.36,upcoming
V00783,P100106,Coca-Cola,SAYE,2027-05-02,202,30.2,6099.59,upcoming
V00048,P100260,SAP,SAYE,2027-05-03,74,24.14,1786.44,upcoming
V00287,P100182,Coca-Cola,RSU,2027-05-03,180,192.9,34722.28,upcoming
V00530,P100107,AstraZeneca,SAYE,2027-05-04,204,20.29,4138.7,upcoming
V00536,P100051,SAP,RSU,2027-05-04,19,218.62,4153.85,upcoming
V00040,P100281,AstraZeneca,SAYE,2027-05-04,155,24.16,3745.35,upcoming
V01310,P100280,SAP,RSU,2027-05-05,216,206.97,44706.31,upcoming
V01538,P100479,Coca-Cola,RSU,2027-05-05,149,104.62,15588.05,upcoming
V00905,P100325,Siemens,RSU,2027-05-06,74,171.37,12681.12,upcoming
V01651,P100379,Novartis,RSU,2027-05-06,17,181.37,3083.27,upcoming
V00247,P100029,Siemens,RSU,2027-05-07,13,164.12,2133.62,upcoming
V00518,P100337,Novartis,ESPP,2027-05-07,221,28.33,6261.8,upcoming
V01708,P100229,SAP,RSU,2027-05-08,112,212.63,23815.08,upcoming
V01395,P100067,Barclays,RSU,2027-05-09,50,75.52,3776.24,upcoming
V00115,P100403,SAP,RSU,2027-05-09,68,148.71,10112.09,upcoming
V00228,P100025,AstraZeneca,ESPP,2027-05-10,20,83.95,1679.1,upcoming
V01235,P100315,Barclays,ESPP,2027-05-10,38,43.22,1642.4,upcoming
V00700,P100258,SAP,SAYE,2027-05-10,167,33.36,5570.56,upcoming
V01413,P100081,Barclays,ESPP,2027-05-11,110,47.11,5181.94,upcoming
V01885,P100246,DHL,ESPP,2027-05-11,94,22.5,2114.68,upcoming
V00998,P100060,Siemens,SAYE,2027-05-11,8,16.87,134.95,upcoming
V01789,P100327,DHL,RSU,2027-05-12,37,104.8,3877.47,upcoming
V00734,P100038,AstraZeneca,RSU,2027-05-12,141,197.67,27871.29,upcoming
V00398,P100105,Novartis,RSU,2027-05-12,64,132.84,8501.56,upcoming
V01857,P100296,Vodafone,RSU,2027-05-12,37,196.26,7261.77,upcoming
V01411,P100043,Barclays,RSU,2027-05-13,78,127.96,9980.98,upcoming
V00719,P100265,AstraZeneca,RSU,2027-05-13,117,219.82,25718.72,upcoming
V00752,P100086,Novartis,RSU,2027-05-13,164,134.89,22122.56,upcoming
V00591,P100229,SAP,ESPP,2027-05-14,28,71.49,2001.63,upcoming
V00456,P100381,BP,RSU,2027-05-15,135,120.02,16202.45,upcoming
V00229,P100247,Coca-Cola,SAYE,2027-05-15,55,11.81,649.81,upcoming
V00751,P100300,Novartis,RSU,2027-05-16,202,145.95,29481.89,upcoming
V01657,P100077,Siemens,RSU,2027-05-17,48,92.46,4438.21,upcoming
V01073,P100062,DHL,RSU,2027-05-17,192,164.54,31591.35,upcoming
V00232,P100398,Coca-Cola,ESPP,2027-05-17,65,67.78,4405.88,upcoming
V01458,P100239,SAP,RSU,2027-05-18,29,91.28,2647.09,upcoming
V01418,P100435,AstraZeneca,RSU,2027-05-18,245,119.44,29262.89,upcoming
V01811,P100424,DHL,RSU,2027-05-19,52,145.2,7550.23,upcoming
V00277,P100266,AstraZeneca,RSU,2027-05-20,219,90.42,19800.96,upcoming
V00561,P100339,BP,SAYE,2027-05-20,29,31.46,912.48,upcoming
V01186,P100171,Coca-Cola,RSU,2027-05-20,151,69.13,10438.54,upcoming
V00948,P100012,Siemens,ESPP,2027-05-20,14,19.32,270.5,upcoming
V00411,P100170,Barclays,RSU,2027-05-20,139,160.11,22255.19,upcoming
V00177,P100218,BP,RSU,2027-05-20,37,175.9,6508.21,upcoming
V00926,P100276,Barclays,ESPP,2027-05-21,176,20.24,3561.87,upcoming
V01343,P100425,Unilever,RSU,2027-05-21,160,193.63,30980.13,upcoming
V00982,P100038,AstraZeneca,RSU,2027-05-22,66,186.04,12278.67,upcoming
V00680,P100191,AstraZeneca,ESPP,2027-05-22,246,24.69,6073.08,upcoming
V00985,P100479,Coca-Cola,RSU,2027-05-23,249,70.82,17634.76,upcoming
V01535,P100077,Siemens,RSU,2027-05-23,24,187.36,4496.7,upcoming
V00637,P100377,Coca-Cola,RSU,2027-05-24,200,112.11,22422.23,upcoming
V01549,P100004,SAP,ESPP,2027-05-24,169,68.21,11526.91,upcoming
V01419,P100444,AstraZeneca,RSU,2027-05-25,65,128.93,8380.29,upcoming
V01199,P100024,Novartis,SAYE,2027-05-25,45,19.43,874.26,upcoming
V00897,P100161,BP,ESPP,2027-05-25,239,74.96,17915.42,upcoming
V01542,P100275,Barclays,RSU,2027-05-25,167,143.44,23954.14,upcoming
V00184,P100013,Unilever,SAYE,2027-05-28,190,27.67,5256.48,upcoming
V00876,P100037,Coca-Cola,ESPP,2027-05-28,244,34.69,8465.08,upcoming
V00958,P100385,Vodafone,SAYE,2027-05-28,226,11.64,2630.31,upcoming
V00835,P100476,Coca-Cola,ESPP,2027-05-28,48,62.52,3000.97,upcoming
V01239,P100355,DHL,RSU,2027-05-29,12,191.02,2292.18,upcoming
V00469,P100074,SAP,ESPP,2027-05-29,122,32.69,3988.41,upcoming
V00022,P100117,Novartis,ESPP,2027-05-30,107,83.72,8958.32,upcoming
V00789,P100060,Siemens,SAYE,2027-05-30,187,24.83,4642.71,upcoming
V00221,P100167,Unilever,ESPP,2027-05-31,58,31.8,1844.11,upcoming
V00465,P100030,Novartis,RSU,2027-05-31,38,130.77,4969.08,upcoming
V01497,P100282,AstraZeneca,RSU,2027-05-31,10,77.72,777.18,upcoming
V01437,P100204,SAP,RSU,2027-06-01,62,83.79,5195.25,upcoming
V00306,P100049,SAP,RSU,2027-06-02,247,159.77,39463.69,upcoming
V00080,P100439,Siemens,RSU,2027-06-02,134,200.63,26884.24,upcoming
V00757,P100425,Unilever,RSU,2027-06-02,22,90.84,1998.45,upcoming
V00383,P100178,BP,RSU,2027-06-03,92,208.71,19201.14,upcoming
V00731,P100250,Siemens,ESPP,2027-06-03,141,64.74,9128.74,upcoming
V00730,P100102,AstraZeneca,ESPP,2027-06-04,36,38.45,1384.05,upcoming
V00780,P100470,Barclays,SAYE,2027-06-05,172,43.59,7497.0,upcoming
V01658,P100060,Siemens,ESPP,2027-06-05,245,80.85,19808.79,upcoming
V01627,P100221,Coca-Cola,RSU,2027-06-05,225,80.54,18121.61,upcoming
V01660,P100089,Coca-Cola,ESPP,2027-06-05,139,40.59,5642.41,upcoming
V01507,P100285,Coca-Cola,ESPP,2027-06-06,204,75.08,15316.46,upcoming
V01318,P100320,BP,ESPP,2027-06-06,224,20.15,4513.79,upcoming
V01125,P100251,Unilever,ESPP,2027-06-06,130,18.15,2359.8,upcoming
V00836,P100191,AstraZeneca,RSU,2027-06-07,241,206.44,49752.47,upcoming
V00319,P100465,Siemens,ESPP,2027-06-07,40,68.8,2751.93,upcoming
V01553,P100042,Siemens,RSU,2027-06-08,128,84.43,10807.17,upcoming
V00170,P100171,Coca-Cola,RSU,2027-06-09,237,181.23,42952.61,upcoming
V00577,P100343,DHL,ESPP,2027-06-10,173,64.94,11234.45,upcoming
V01585,P100200,Novartis,ESPP,2027-06-10,246,62.84,15459.69,upcoming
V01241,P100344,Novartis,RSU,2027-06-11,80,79.02,6321.38,upcoming
V01205,P100262,Barclays,ESPP,2027-06-11,186,33.05,6147.12,upcoming
V00531,P100081,Barclays,RSU,2027-06-12,104,131.74,13700.67,upcoming
V00550,P100022,Vodafone,SAYE,2027-06-13,220,23.74,5222.88,upcoming
V00121,P100188,Novartis,RSU,2027-06-13,95,155.49,14771.93,upcoming
V01874,P100250,Siemens,RSU,2027-06-13,147,186.79,27458.82,upcoming
V01899,P100430,BP,ESPP,2027-06-14,233,46.82,10908.36,upcoming
V00379,P100457,Coca-Cola,RSU,2027-06-14,49,194.84,9547.33,upcoming
V00525,P100201,Vodafone,SAYE,2027-06-15,107,12.15,1300.54,upcoming
V01109,P100391,SAP,RSU,2027-06-15,187,91.22,17058.72,upcoming
V00140,P100319,Vodafone,SAYE,2027-06-15,92,26.46,2434.01,upcoming
V01322,P100349,SAP,RSU,2027-06-17,231,151.63,35027.14,upcoming
V01057,P100078,DHL,RSU,2027-06-17,130,92.31,11999.67,upcoming
V00917,P100110,Coca-Cola,RSU,2027-06-18,199,152.49,30345.45,upcoming
V01188,P100321,Coca-Cola,RSU,2027-06-20,194,118.94,23074.24,upcoming
V01597,P100054,Siemens,ESPP,2027-06-21,31,85.71,2656.93,upcoming
V00857,P100086,Novartis,ESPP,2027-06-21,136,77.67,10563.46,upcoming
V01018,P100222,Siemens,RSU,2027-06-21,190,175.83,33407.39,upcoming
V01068,P100186,Barclays,ESPP,2027-06-22,136,54.4,7398.95,upcoming
V01783,P100322,Barclays,RSU,2027-06-23,113,142.88,16145.29,upcoming
V01829,P100004,SAP,RSU,2027-06-24,22,142.19,3128.22,upcoming
V00147,P100382,Novartis,RSU,2027-06-24,118,79.47,9377.51,upcoming
V00366,P100067,Barclays,RSU,2027-06-24,210,130.32,27366.59,upcoming
V01377,P100126,Barclays,RSU,2027-06-25,214,90.48,19363.4,upcoming
V01207,P100010,Barclays,ESPP,2027-06-26,41,36.49,1495.92,upcoming
V01669,P100431,Novartis,RSU,2027-06-26,71,81.83,5810.2,upcoming
V00193,P100383,Coca-Cola,SAYE,2027-06-27,204,44.28,9033.87,upcoming
V00772,P100073,AstraZeneca,RSU,2027-06-27,232,143.01,33178.38,upcoming
V01174,P100003,Siemens,ESPP,2027-06-27,113,35.06,3962.34,upcoming
V00864,P100257,SAP,ESPP,2027-06-28,38,15.78,599.63,upcoming
V00973,P100162,AstraZeneca,RSU,2027-06-29,113,203.31,22973.75,upcoming
V01463,P100006,Novartis,RSU,2027-06-29,12,83.35,1000.2,upcoming
V00712,P100244,DHL,RSU,2027-06-29,179,211.12,37789.93,upcoming
V00180,P100089,Coca-Cola,RSU,2027-06-29,110,197.33,21706.83,upcoming
V01281,P100219,Barclays,RSU,2027-06-29,211,60.9,12849.04,upcoming
V00243,P100184,Novartis,ESPP,2027-06-29,148,27.5,4069.66,upcoming
V00192,P100173,BP,ESPP,2027-06-30,28,32.84,919.61,upcoming
V00384,P100276,Barclays,RSU,2027-07-01,236,112.99,26665.29,upcoming
V00610,P100447,DHL,RSU,2027-07-01,82,83.25,6826.83,upcoming
V00875,P100161,BP,ESPP,2027-07-01,10,65.15,651.52,upcoming
V00030,P100020,Novartis,RSU,2027-07-01,95,138.57,13164.44,upcoming
V00027,P100208,SAP,RSU,2027-07-02,12,179.94,2159.22,upcoming
V01409,P100088,AstraZeneca,RSU,2027-07-02,32,171.77,5496.56,upcoming
V01481,P100257,SAP,ESPP,2027-07-03,22,28.3,622.49,upcoming
V01524,P100061,Coca-Cola,RSU,2027-07-03,207,194.18,40195.43,upcoming
V00462,P100227,DHL,RSU,2027-07-03,131,75.8,9930.11,upcoming
V01828,P100006,Novartis,ESPP,2027-07-04,194,79.79,15479.0,upcoming
V00704,P100283,AstraZeneca,RSU,2027-07-05,133,68.83,9154.7,upcoming
V01280,P100100,BP,RSU,2027-07-05,37,132.53,4903.65,upcoming
V00051,P100169,Vodafone,RSU,2027-07-05,112,168.95,18922.92,upcoming
V00093,P100080,Siemens,ESPP,2027-07-06,202,24.4,4928.69,upcoming
V01040,P100214,Novartis,RSU,2027-07-06,235,126.23,29663.84,upcoming
V01737,P100183,Barclays,RSU,2027-07-06,24,135.53,3252.62,upcoming
V01599,P100313,Barclays,RSU,2027-07-06,243,135.53,32933.55,upcoming
V00245,P100296,Vodafone,SAYE,2027-07-07,129,24.26,3130.15,upcoming
V01355,P100234,BP,RSU,2027-07-07,32,182.03,5824.87,upcoming
V00910,P100286,SAP,RSU,2027-07-07,178,158.43,28200.6,upcoming
V00703,P100468,SAP,ESPP,2027-07-07,73,70.5,5146.19,upcoming
V01880,P100017,SAP,RSU,2027-07-07,230,63.79,14671.88,upcoming
V00069,P100219,Barclays,RSU,2027-07-07,239,205.44,49099.13,upcoming
V01684,P100274,Siemens,RSU,2027-07-08,115,96.1,11051.21,upcoming
V00612,P100109,BP,RSU,2027-07-08,217,64.84,14069.21,upcoming
V00649,P100152,SAP,RSU,2027-07-09,129,190.9,24625.85,upcoming
V01721,P100028,SAP,SAYE,2027-07-10,43,25.21,1084.21,upcoming
V01574,P100176,Coca-Cola,ESPP,2027-07-10,57,70.97,4045.32,upcoming
V00691,P100218,BP,ESPP,2027-07-10,6,58.08,348.51,upcoming
V00572,P100408,SAP,RSU,2027-07-11,57,99.48,5670.42,upcoming
V01082,P100167,Unilever,RSU,2027-07-12,249,103.32,25726.11,upcoming
V01193,P100215,Novartis,ESPP,2027-07-12,230,18.42,4236.27,upcoming
V01722,P100259,DHL,RSU,2027-07-12,115,198.96,22880.39,upcoming
V01392,P100396,Unilever,RSU,2027-07-12,199,117.35,23353.23,upcoming
V00941,P100216,SAP,RSU,2027-07-12,6,75.55,453.32,upcoming
V00579,P100427,Unilever,RSU,2027-07-12,226,104.34,23581.03,upcoming
V00812,P100423,SAP,RSU,2027-07-13,25,140.2,3504.93,upcoming
V00056,P100169,Vodafone,ESPP,2027-07-13,191,32.73,6251.05,upcoming
V00492,P100128,SAP,ESPP,2027-07-13,50,34.36,1717.96,upcoming
V00754,P100387,Vodafone,RSU,2027-07-13,229,77.63,17776.28,upcoming
V01813,P100017,SAP,RSU,2027-07-14,89,157.02,13975.05,upcoming
V00651,P100302,DHL,ESPP,2027-07-14,9,73.1,657.92,upcoming
V00966,P100192,SAP,RSU,2027-07-14,191,164.08,31339.69,upcoming
V00307,P100050,AstraZeneca,SAYE,2027-07-14,72,21.23,1528.35,upcoming
V00861,P100230,SAP,ESPP,2027-07-16,196,38.38,7523.04,upcoming
V00710,P100394,SAP,SAYE,2027-07-16,12,31.41,376.86,upcoming
V00537,P100148,Coca-Cola,RSU,2027-07-16,43,98.63,4240.9,upcoming
V00227,P100469,Coca-Cola,ESPP,2027-07-16,231,29.22,6750.62,upcoming
V01518,P100100,BP,SAYE,2027-07-16,230,35.75,8221.84,upcoming
V00774,P100157,Siemens,RSU,2027-07-16,28,194.34,5441.46,upcoming
V01032,P100173,BP,ESPP,2027-07-17,83,24.93,2069.51,upcoming
V00957,P100341,Vodafone,RSU,2027-07-17,248,219.48,54431.3,upcoming
V01021,P100241,Unilever,RSU,2027-07-17,206,219.1,45133.73,upcoming
V00870,P100016,DHL,RSU,2027-07-17,108,127.4,13759.61,upcoming
V00368,P100122,SAP,SAYE,2027-07-17,6,41.92,251.51,upcoming
V00248,P100277,Coca-Cola,RSU,2027-07-17,153,172.3,26362.06,upcoming
V00728,P100285,Coca-Cola,ESPP,2027-07-17,179,45.91,8217.51,upcoming
V01431,P100070,AstraZeneca,ESPP,2027-07-18,141,25.21,3553.96,upcoming
V00312,P100370,Novartis,RSU,2027-07-18,108,132.44,14303.54,upcoming
V00176,P100370,Novartis,RSU,2027-07-19,218,118.21,25769.24,upcoming
V01632,P100019,Siemens,SAYE,2027-07-19,72,19.8,1425.45,upcoming
V01822,P100062,DHL,RSU,2027-07-19,50,179.89,8994.66,upcoming
V01251,P100438,Novartis,SAYE,2027-07-19,144,34.02,4898.86,upcoming
V01767,P100468,SAP,RSU,2027-07-20,214,64.22,13743.79,upcoming
V00792,P100151,BP,RSU,2027-07-20,61,116.04,7078.25,upcoming
V00907,P100255,Novartis,RSU,2027-07-22,205,202.7,41553.93,upcoming
V01389,P100234,BP,RSU,2027-07-23,37,177.31,6560.57,upcoming
V01784,P100320,BP,ESPP,2027-07-23,192,34.41,6607.22,upcoming
V01541,P100399,Coca-Cola,RSU,2027-07-24,171,139.93,23928.38,upcoming
V00699,P100253,AstraZeneca,RSU,2027-07-24,55,70.17,3859.09,upcoming
V00300,P100364,Siemens,SAYE,2027-07-24,88,14.24,1253.02,upcoming
V00997,P100092,Coca-Cola,RSU,2027-07-24,235,138.91,32644.67,upcoming
V00823,P100104,Novartis,RSU,2027-07-25,8,174.71,1397.71,upcoming
V00476,P100414,SAP,SAYE,2027-07-25,87,14.81,1288.75,upcoming
V00133,P100016,DHL,SAYE,2027-07-25,5,17.94,89.71,upcoming
V01520,P100073,AstraZeneca,RSU,2027-07-26,127,183.16,23261.4,upcoming
V00987,P100277,Coca-Cola,RSU,2027-07-26,90,212.64,19137.29,upcoming
V00607,P100190,BP,RSU,2027-07-26,127,185.45,23552.12,upcoming
V01265,P100397,Barclays,RSU,2027-07-27,220,199.37,43862.22,upcoming
V00107,P100302,DHL,RSU,2027-07-27,89,98.06,8727.18,upcoming
V01654,P100405,BP,SAYE,2027-07-29,21,27.77,583.14,upcoming
V00201,P100021,Barclays,RSU,2027-07-29,130,85.45,11108.69,upcoming
V00009,P100122,SAP,SAYE,2027-07-29,110,34.25,3767.31,upcoming
V00013,P100386,Novartis,RSU,2027-07-30,109,131.45,14328.38,upcoming
V00466,P100363,SAP,SAYE,2027-07-30,169,13.09,2212.63,upcoming
V00244,P100278,BP,RSU,2027-07-31,62,67.02,4155.07,upcoming
V00622,P100427,Unilever,ESPP,2027-08-01,139,73.76,10252.09,upcoming
V01115,P100343,DHL,RSU,2027-08-01,149,136.45,20330.54,upcoming
V00468,P100106,Coca-Cola,RSU,2027-08-01,188,90.88,17084.67,upcoming
V01567,P100073,AstraZeneca,SAYE,2027-08-03,54,29.42,1588.93,upcoming
V01724,P100017,SAP,RSU,2027-08-03,248,215.84,53528.88,upcoming
V00849,P100303,Coca-Cola,RSU,2027-08-03,21,173.45,3642.39,upcoming
V01832,P100257,SAP,SAYE,2027-08-04,178,24.09,4287.6,upcoming
V01477,P100479,Coca-Cola,SAYE,2027-08-04,182,32.74,5959.03,upcoming
V00018,P100425,Unilever,RSU,2027-08-04,201,104.11,20925.4,upcoming
V01083,P100165,Barclays,RSU,2027-08-04,21,150.79,3166.49,upcoming
V00196,P100136,Vodafone,ESPP,2027-08-04,134,79.4,10639.66,upcoming
V01290,P100384,Barclays,ESPP,2027-08-04,62,47.39,2938.09,upcoming
V00442,P100421,SAP,RSU,2027-08-05,49,87.24,4274.61,upcoming
V00810,P100060,Siemens,RSU,2027-08-05,26,83.69,2175.82,upcoming
V01462,P100096,Barclays,SAYE,2027-08-05,50,28.91,1445.34,upcoming
V01714,P100224,AstraZeneca,ESPP,2027-08-05,234,23.63,5528.73,upcoming
V01743,P100041,Unilever,RSU,2027-08-06,16,200.39,3206.3,upcoming
V00592,P100127,SAP,SAYE,2027-08-06,240,32.34,7760.88,upcoming
V00756,P100125,Coca-Cola,SAYE,2027-08-06,45,14.51,653.11,upcoming
V00222,P100042,Siemens,SAYE,2027-08-06,216,19.5,4211.44,upcoming
V00749,P100079,Novartis,RSU,2027-08-07,230,154.64,35566.75,upcoming
V00893,P100307,Siemens,RSU,2027-08-07,12,117.66,1411.93,upcoming
V01293,P100034,Coca-Cola,ESPP,2027-08-07,41,31.89,1307.62,upcoming
V00916,P100425,Unilever,RSU,2027-08-08,141,86.39,12180.49,upcoming
V00747,P100059,SAP,RSU,2027-08-08,123,124.0,15252.49,upcoming
V01768,P100229,SAP,RSU,2027-08-09,110,142.07,15627.42,upcoming
V01742,P100367,Siemens,RSU,2027-08-10,235,152.68,35880.17,upcoming
V00678,P100248,Barclays,RSU,2027-08-10,23,211.03,4853.73,upcoming
V00885,P100274,Siemens,RSU,2027-08-11,50,96.41,4820.39,upcoming
V01362,P100238,SAP,ESPP,2027-08-11,217,66.52,14434.27,upcoming
V00658,P100273,DHL,ESPP,2027-08-11,47,26.08,1225.83,upcoming
V00621,P100371,AstraZeneca,ESPP,2027-08-12,238,67.25,16006.2,upcoming
V00690,P100359,DHL,RSU,2027-08-12,18,60.94,1096.85,upcoming
V00034,P100478,Siemens,ESPP,2027-08-12,36,38.69,1392.75,upcoming
V00668,P100371,AstraZeneca,RSU,2027-08-12,130,208.45,27099.03,upcoming
V00919,P100312,AstraZeneca,ESPP,2027-08-13,190,42.75,8123.21,upcoming
V01595,P100387,Vodafone,RSU,2027-08-13,58,139.98,8118.9,upcoming
V01590,P100136,Vodafone,RSU,2027-08-13,187,183.61,34334.33,upcoming
V01042,P100403,SAP,RSU,2027-08-14,163,181.64,29607.98,upcoming
V00829,P100382,Novartis,RSU,2027-08-15,58,158.19,9175.26,upcoming
V01764,P100101,Siemens,ESPP,2027-08-16,109,40.68,4434.41,upcoming
V01868,P100104,Novartis,ESPP,2027-08-16,140,30.12,4216.69,upcoming
V00467,P100100,BP,RSU,2027-08-16,231,60.71,14024.44,upcoming
V00951,P100324,Unilever,RSU,2027-08-16,43,148.08,6367.38,upcoming
V01434,P100460,DHL,RSU,2027-08-16,241,67.06,16162.24,upcoming
V00903,P100280,SAP,RSU,2027-08-16,222,80.81,17939.25,upcoming
V00211,P100308,AstraZeneca,RSU,2027-08-16,79,71.33,5634.92,upcoming
V00349,P100192,SAP,RSU,2027-08-17,96,193.87,18611.42,upcoming
V00959,P100074,SAP,RSU,2027-08-17,153,76.05,11636.06,upcoming
V00706,P100190,BP,RSU,2027-08-18,82,187.38,15365.47,upcoming
V00249,P100314,Barclays,RSU,2027-08-18,126,124.45,15681.24,upcoming
V00615,P100083,AstraZeneca,RSU,2027-08-18,216,169.09,36522.64,upcoming
V01278,P100191,AstraZeneca,RSU,2027-08-19,184,95.22,17519.79,upcoming
V01505,P100045,Unilever,RSU,2027-08-19,72,194.14,13977.96,upcoming
V00309,P100240,Unilever,RSU,2027-08-20,89,140.51,12505.24,upcoming
V01053,P100125,Coca-Cola,RSU,2027-08-20,9,174.65,1571.82,upcoming
V00634,P100418,AstraZeneca,RSU,2027-08-21,202,129.4,26138.31,upcoming
V00769,P100461,SAP,RSU,2027-08-21,73,189.69,13847.35,upcoming
V01349,P100186,Barclays,RSU,2027-08-21,216,156.05,33707.11,upcoming
V01483,P100122,SAP,RSU,2027-08-22,172,186.67,32107.26,upcoming
V01672,P100445,Siemens,RSU,2027-08-23,174,77.45,13477.06,upcoming
V01827,P100172,AstraZeneca,ESPP,2027-08-23,155,87.51,13563.32,upcoming
V01858,P100155,Siemens,ESPP,2027-08-23,76,33.37,2535.86,upcoming
V01440,P100261,Unilever,RSU,2027-08-23,170,140.95,23961.02,upcoming
V01864,P100442,Novartis,ESPP,2027-08-23,116,15.94,1849.06,upcoming
V01298,P100081,Barclays,RSU,2027-08-24,177,189.31,33507.79,upcoming
V01450,P100111,AstraZeneca,RSU,2027-08-24,33,65.17,2150.7,upcoming
V01825,P100036,SAP,SAYE,2027-08-24,70,17.52,1226.42,upcoming
V01491,P100006,Novartis,ESPP,2027-08-24,187,30.35,5676.2,upcoming
V00114,P100194,SAP,RSU,2027-08-24,6,143.09,858.54,upcoming
V00458,P100211,DHL,RSU,2027-08-25,15,106.86,1602.83,upcoming
V00118,P100173,BP,RSU,2027-08-25,168,122.0,20496.01,upcoming
V00882,P100387,Vodafone,ESPP,2027-08-26,73,73.8,5387.13,upcoming
V01228,P100405,BP,ESPP,2027-08-26,91,86.25,7848.99,upcoming
V00732,P100130,AstraZeneca,RSU,2027-08-26,89,97.94,8716.91,upcoming
V00041,P100317,Siemens,RSU,2027-08-26,121,93.4,11300.95,upcoming
V01805,P100057,DHL,ESPP,2027-08-27,154,66.77,10283.33,upcoming
V00834,P100217,SAP,RSU,2027-08-27,222,151.17,33560.71,upcoming
V00455,P100126,Barclays,ESPP,2027-08-27,212,48.65,10314.83,upcoming
V01613,P100102,AstraZeneca,RSU,2027-08-27,38,172.61,6559.21,upcoming
V00339,P100357,Unilever,RSU,2027-08-28,164,197.89,32454.29,upcoming
V00125,P100200,Novartis,ESPP,2027-08-28,32,78.41,2509.1,upcoming
V01358,P100320,BP,SAYE,2027-08-29,192,39.94,7667.83,upcoming
V00696,P100121,Siemens,RSU,2027-08-29,171,88.52,15136.81,upcoming
V00077,P100346,Vodafone,ESPP,2027-08-29,62,15.81,980.0,upcoming
V01317,P100220,Barclays,RSU,2027-08-30,248,117.24,29074.79,upcoming
V01254,P100450,SAP,RSU,2027-08-30,99,79.28,7848.43,upcoming
V01803,P100140,Coca-Cola,ESPP,2027-08-30,65,85.82,5578.51,upcoming
V00847,P100099,Vodafone,ESPP,2027-08-30,194,59.85,11610.18,upcoming
V01237,P100293,SAP,ESPP,2027-08-31,63,76.19,4800.27,upcoming
V01035,P100467,Vodafone,RSU,2027-08-31,186,160.07,29773.81,upcoming
V00599,P100436,SAP,ESPP,2027-09-01,132,76.43,10088.88,upcoming
V00252,P100045,Unilever,RSU,2027-09-01,114,92.7,10567.63,upcoming
V01700,P100062,DHL,ESPP,2027-09-01,75,31.87,2390.45,upcoming
V01728,P100140,Coca-Cola,ESPP,2027-09-02,13,16.54,215.03,upcoming
V00297,P100203,SAP,RSU,2027-09-02,30,147.94,4438.24,upcoming
V01286,P100445,Siemens,RSU,2027-09-03,225,122.84,27639.07,upcoming
V01201,P100424,DHL,RSU,2027-09-03,95,84.9,8065.05,upcoming
V00341,P100237,Novartis,ESPP,2027-09-03,26,37.09,964.38,upcoming
V01791,P100441,SAP,RSU,2027-09-03,77,98.45,7580.31,upcoming
